ID;BESTLOC;GRAMS;portion;EUFDNAME
3;0;49;0;ALC
3;0.8;49;0.392;ASH
3;6.2;49;3.038;CA
3;29.7;49;14.553;CAROTENS
3;14.2;49;6.958;CARTB
3;18.3;49;8.967;CHOAVL
3;23.01;49;11.2749;CHOCDF
3;0;49;0;CHOLE
3;0.108;49;0.05292;CU
3;366.42;49;179.5458;ENERC
3;40.402;49;19.79698;F16D0T
3;10.578;49;5.18322;F18D1T
3;26.417;49;12.94433;F18D2CN6
3;19.638;49;9.62262;F18D3N3
3;0;49;0;F20D4N6
3;0;49;0;F20D5N3
3;0;49;0;F22D6N3
3;0.1127;49;0.055223;FACIDCTG
3;0.1078;49;0.052822;FAFRE
3;0.014;49;0.00686;FAMCIS
3;0.0477;49;0.023373;FAPU
3;0.0196;49;0.009604;FAPUN3
3;0.0264;49;0.012936;FAPUN6
3;0.002;49;0.00098;FAS18
3;0.0461;49;0.022589;FASAT
3;0.4;49;0.196;FAT
3;0;49;0;FATRN
3;0.01;49;0.0049;FD
3;1;49;0;FE
3;1.8;49;0.882;FIBC
3;1;49;0;FIBINS
3;1.7;49;0.833;FIBT
3;12.54;49;6.1446;FOL
3;2.7;49;1.323;FRUS
3;4.4;49;2.156;GLUS
3;1;49;0;ID
3;358.4;49;175.616;K
3;0;49;0;LACS
3;0;49;0;MALS
3;31.32;49;15.3468;MG
3;0.24;49;0.1176;MN
3;0.005;49;0.00245;MO
3;0;49;0;MYRIC
3;5;49;2;NA
3;12.74;49;6.2426;NACL
3;0.7;49;0.343;NIA
3;0.917;49;0.44933;NIAEQ
3;0.19;49;0.0931;NT
3;0.44;49;0.2156;OA
3;24.9;49;12.201;P
3;1.2;49;0.588;PROT
3;0.7;49;0.343;PSACNCS
3;0;49;0;QUERCE
3;0;49;0;RETOL
3;0.06;49;0.0294;RIBF
3;0.32;49;0.1568;SE
3;4.8;49;2.352;STARCH
3;11.6;49;5.684;STERT
3;6.4;49;3.136;SUCS
3;13.5;49;6.615;SUGAR
3;0;49;0;SUGOH
3;0.04;49;0.0196;THIA
3;13;49;6;TRP
3;1.68;49;0.8232;VITA
3;0;49;0;VITB12
3;10;49;4;VITC
3;0;49;0;VITD
3;0.21;49;0.1029;VITE
3;0.5;49;0.245;VITK
3;0.5;49;0.245;VITPYRID
3;74.6;49;36.554;WATER
3;0.19;49;0.0931;ZN
6;0;2;0;ALC
6;3;2;0;ASH
6;45;2;0;CA
6;22;2;0;CAROTENS
6;0;2;0;CARTB
6;18.8;2;0.376;CHOAVL
6;25.45;2;0.509;CHOCDF
6;0;2;0;CHOLE
6;2.22;2;0.0444;CU
6;2402.55;2;48.051;ENERC
6;3916;2;78;F16D0T
6;23523;2;470;F18D1T
6;7782;2;155;F18D2CN6
6;62;2;1;F18D3N3
6;0;2;0;F20D4N6
6;0;2;0;F20D5N3
6;0;2;0;F22D6N3
6;41.2396;2;0.824792;FACIDCTG
6;39.426;2;0.78852;FAFRE
6;23.797;2;0.47594;FAMCIS
6;7.844;2;0.15688;FAPU
6;0.062;2;0.00124;FAPUN3
6;7.782;2;0.15564;FAPUN6
6;3.223;2;0.06446;FAS18
6;7.785;2;0.1557;FASAT
6;46.35;2;0.927;FAT
6;0;2;0;FATRN
6;0.14;2;0.0028;FD
6;6;2;0;FE
6;3.5;2;0.07;FIBC
6;1.9;2;0.038;FIBINS
6;3.5;2;0.07;FIBT
6;69.2;2;1.384;FOL
6;0;2;0;FRUS
6;0;2;0;GLUS
6;10;2;0;ID
6;565;2;11;K
6;0;2;0;LACS
6;0;2;0;MALS
6;260;2;5;MG
6;0.84;2;0.0168;MN
6;0.01;2;0.0002;MO
6;0;2;0;MYRIC
6;10;2;0;NA
6;25.48;2;0.5096;NACL
6;1.2;2;0.024;NIA
6;8.715;2;0.1743;NIAEQ
6;3.87;2;0.0774;NT
6;0;2;0;OA
6;490;2;9;P
6;20;2;0;PROT
6;1.6;2;0.032;PSACNCS
6;0;2;0;QUERCE
6;0;2;0;RETOL
6;0.2;2;0.004;RIBF
6;11;2;0;SE
6;14.2;2;0.284;STARCH
6;117.6;2;2.352;STERT
6;4.6;2;0.092;SUCS
6;4.6;2;0.092;SUGAR
6;0;2;0;SUGOH
6;0.2;2;0.004;THIA
6;450;2;9;TRP
6;0;2;0;VITA
6;0;2;0;VITB12
6;0;2;0;VITC
6;0;2;0;VITD
6;0.9;2;0.018;VITE
6;7;2;0;VITK
6;0.4;2;0.008;VITPYRID
6;5.2;2;0.104;WATER
6;5.6;2;0.112;ZN
12;0;238;0;ALC
12;0.733;238;1.74454;ASH
12;123.04;238;292.8352;CA
12;11.8;238;28.084;CAROTENS
12;11.79;238;28.0602;CARTB
12;4.829;238;11.49302;CHOAVL
12;4.866;238;11.58108;CHOCDF
12;8.07;238;19.2066;CHOLE
12;0.85;238;2.023;CR
12;0.0093;238;0.022134;CU
12;228.64;238;544.1632;ENERC
12;720.097;238;1713.83086;F16D0T
12;448.563;238;1067.57994;F18D1T
12;32.379;238;77.06202;F18D2CN6
12;8.371;238;19.92298;F18D3N3
12;0;238;0;F20D4N6
12;0;238;0;F20D5N3
12;0;238;0;F22D6N3
12;2.336;238;5.55968;FACIDCTG
12;2.234;238;5.31692;FAFRE
12;0.5205;238;1.23879;FAMCIS
12;0.054;238;0.12852;FAPU
12;0.0084;238;0.019992;FAPUN3
12;0.032;238;0.07616;FAPUN6
12;0.2335;238;0.55573;FAS18
12;1.5949;238;3.795862;FASAT
12;2.504;238;5.95952;FAT
12;0.0643;238;0.153034;FATRN
12;0.01;238;0.0238;FD
12;0.054;238;0.12852;FE
12;0;238;0;FIBC
12;0;238;0;FIBINS
12;0;238;0;FIBT
12;5.48;238;13.0424;FOL
12;0;238;0;FRUS
12;1.876;238;4.46488;GALS
12;1.876;238;4.46488;GLUS
12;14.32;238;34.0816;ID
12;160;238;380;K
12;1.077;238;2.56326;LACS
12;0;238;0;MALS
12;11.293;238;26.87734;MG
12;0.01;238;0.0238;MN
12;0.005;238;0.0119;MO
12;0;238;0;MYRIC
12;44;238;104;NA
12;112.11;238;266.8218;NACL
12;0.1;238;0.238;NIA
12;0.848;238;2.01824;NIAEQ
12;0.483;238;1.14954;NT
12;0.2;238;0.476;OA
12;90;238;214;P
12;3.02;238;7.1876;PROT
12;0;238;0;PSACNCS
12;0;238;0;QUERCE
12;19.45;238;46.291;RETOL
12;0.185;238;0.4403;RIBF
12;2.849;238;6.78062;SE
12;0;238;0;STARCH
12;0.07;238;0.1666;STERT
12;0;238;0;SUCS
12;4.829;238;11.49302;SUGAR
12;0;238;0;SUGOH
12;0.0333;238;0.079254;THIA
12;44.8;238;106.624;TRP
12;20.424;238;48.60912;VITA
12;0.4;238;0.952;VITB12
12;1.05;238;2.499;VITC
12;0.025;238;0.0595;VITD
12;0.046;238;0.10948;VITE
12;0.585;238;1.3923;VITK
12;0.05;238;0.119;VITPYRID
12;88.92;238;211.6296;WATER
12;0.437;238;1.04006;ZN
13;0;26;0;ALC
13;0.648;26;0.16848;ASH
13;111.69;26;29.0394;CA
13;33.9;26;8.814;CAROTENS
13;20.3;26;5.278;CARTB
13;12.023;26;3.12598;CHOAVL
13;13.209;26;3.43434;CHOCDF
13;7.04;26;1.8304;CHOLE
13;0.91;26;0.2366;CR
13;0.0167;26;0.004342;CU
13;336.5;26;87.49;ENERC
13;581.201;26;151.11226;F16D0T
13;370.718;26;96.38668;F18D1T
13;31.559;26;8.20534;F18D2CN6
13;10.853;26;2.82178;F18D3N3
13;0;26;0;F20D4N6
13;0;26;0;F20D5N3
13;0;26;0;F22D6N3
13;1.909;26;0.49634;FACIDCTG
13;1.825;26;0.4745;FAFRE
13;0.4309;26;0.112034;FAMCIS
13;0.053;26;0.01378;FAPU
13;0.0109;26;0.002834;FAPUN3
13;0.032;26;0.00832;FAPUN6
13;0.1972;26;0.051272;FAS18
13;1.2973;26;0.337298;FASAT
13;2.006;26;0.52156;FAT
13;0.0439;26;0.011414;FATRN
13;0.012;26;0.00312;FD
13;0.109;26;0.02834;FE
13;0.254;26;0.06604;FIBC
13;0.16;26;0.0416;FIBINS
13;0.242;26;0.06292;FIBT
13;5.21;26;1.3546;FOL
13;0.597;26;0.15522;FRUS
13;0;26;0;GALS
13;0.555;26;0.1443;GLUS
13;12.28;26;3.1928;ID
13;174.22;26;45.2972;K
13;3.812;26;0.99112;LACS
13;0;26;0;MALS
13;10.272;26;2.67072;MG
13;0.0647;26;0.016822;MN
13;0.0052;26;0.001352;MO
13;62.32;26;16.2032;MYRIC
13;40.18;26;10.4468;NA
13;102.37;26;26.6162;NACL
13;0.138;26;0.03588;NIA
13;0.734;26;0.19084;NIAEQ
13;0.506;26;0.13156;NT
13;0.248;26;0.06448;OA
13;73.6;26;19.136;P
13;3.1;26;0.806;PROT
13;0.09;26;0.0234;PSACNCS
13;209.6;26;54.496;QUERCE
13;16.75;26;4.355;RETOL
13;0.151;26;0.03926;RIBF
13;2.304;26;0.59904;SE
13;0.04;26;0.0104;STARCH
13;1.69;26;0.4394;STERT
13;7.021;26;1.82546;SUCS
13;11.986;26;3.11636;SUGAR
13;0;26;0;SUGOH
13;0.0298;26;0.007748;THIA
13;41;26;10;TRP
13;18.683;26;4.85758;VITA
13;0.32;26;0.0832;VITB12
13;2.64;26;0.6864;VITC
13;1;26;0;VITD
13;0.196;26;0.05096;VITE
13;1.025;26;0.2665;VITK
13;0.05;26;0.013;VITPYRID
13;81.03;26;21.0678;WATER
13;0.366;26;0.09516;ZN
26;0;2;0;ALC
26;0;2;0;ASH
26;0;2;0;CA
26;0;2;0;CAROTENS
26;0;2;0;CARTB
26;2.7;2;0.054;CHOAVL
26;2.7;2;0.054;CHOCDF
26;0;2;0;CHOLE
26;0;2;0;CR
26;0;2;0;CU
26;1685;2;33;ENERC
26;0;2;0;F16D0T
26;0;2;0;F18D1T
26;0;2;0;F18D2CN6
26;0;2;0;F18D3N3
26;0;2;0;F20D4N6
26;0;2;0;F20D5N3
26;0;2;0;F22D6N3
26;1.839;2;0.03678;FACIDCTG
26;1.758;2;0.03516;FAFRE
26;0.567;2;0.01134;FAMCIS
26;0.057;2;0.00114;FAPU
26;0;2;0;FAPUN3
26;0;2;0;FAPUN6
26;0;2;0;FAS18
26;0.2;2;0.004;FASAT
26;0.4;2;0.008;FAT
26;0;2;0;FATRN
26;0;2;0;FD
26;0;2;0;FE
26;0;2;0;FIBC
26;0;2;0;FIBINS
26;0;2;0;FIBT
26;0;2;0;FOL
26;0;2;0;FRUS
26;1.335;2;0.0267;GALS
26;1.335;2;0.0267;GLUS
26;0;2;0;ID
26;0;2;0;K
26;0.03;2;0.0006;LACS
26;0;2;0;MALS
26;0;2;0;MG
26;0;2;0;MN
26;0;2;0;MO
26;0;2;0;MYRIC
26;23.53;2;0.4706;NA
26;59.95;2;1.199;NACL
26;0;2;0;NIA
26;0;2;0;NIAEQ
26;14.8;2;0.296;NT
26;0;2;0;OA
26;0;2;0;P
26;92.5;2;1.85;PROT
26;0;2;0;PSACNCS
26;0;2;0;QUERCE
26;0;2;0;RETOL
26;0;2;0;RIBF
26;0;2;0;SE
26;0;2;0;STARCH
26;0;2;0;STERT
26;0;2;0;SUCS
26;2.7;2;0.054;SUGAR
26;0;2;0;SUGOH
26;0;2;0;THIA
26;1310.7;2;26.214;TRP
26;0;2;0;VITA
26;0;2;0;VITB12
26;0;2;0;VITC
26;0;2;0;VITD
26;0;2;0;VITE
26;0;2;0;VITK
26;0;2;0;VITPYRID
26;3;2;0;WATER
26;0;2;0;ZN
36;0;11;0;ALC
36;3.1;11;0.341;ASH
36;276;11;30;CA
36;4;11;0;CAROTENS
36;3;11;0;CARTB
36;6.6;11;0.726;CHOAVL
36;19.1;11;2.101;CHOCDF
36;0;11;0;CHOLE
36;12;11;1;CR
36;0.78;11;0.0858;CU
36;2517.1;11;276.881;ENERC
36;3376.17;11;371.3787;F16D0T
36;32408.631;11;3564.94941;F18D1T
36;11931.65;11;1312.4815;F18D2CN6
36;270;11;29;F18D3N3
36;0;11;0;F20D4N6
36;0;11;0;F20D5N3
36;0;11;0;F22D6N3
36;51.239;11;5.63629;FACIDCTG
36;48.986;11;5.38846;FAFRE
36;32.7086;11;3.597946;FAMCIS
36;12.202;11;1.34222;FAPU
36;0.27;11;0.0297;FAPUN3
36;11.932;11;1.31252;FAPUN6
36;0.6499;11;0.071489;FAS18
36;4.0753;11;0.448283;FASAT
36;51.24;11;5.6364;FAT
36;0;11;0;FATRN
36;0;11;0;FD
36;5.2;11;0.572;FE
36;12.5;11;1.375;FIBC
36;6.9;11;0.759;FIBINS
36;7.2;11;0.792;FIBT
36;48;11;5;FOL
36;0.5;11;0.055;FRUS
36;0.3;11;0.033;GLUS
36;5;11;0;ID
36;740;11;81;K
36;0;11;0;LACS
36;0;11;0;MALS
36;278;11;30;MG
36;2.52;11;0.2772;MN
36;0;11;0;MO
36;0;11;0;MYRIC
36;1;11;0;NA
36;2.55;11;0.2805;NACL
36;4;11;0;NIA
36;6.839;11;0.75229;NIAEQ
36;3.85;11;0.4235;NT
36;490;11;53;P
36;24.06;11;2.6466;PROT
36;0.3;11;0.033;PSACNCS
36;360;11;39;QUERCE
36;0;11;0;RETOL
36;0.7;11;0.077;RIBF
36;4;11;0;SE
36;0;11;0;STARCH
36;138.5;11;15.235;STERT
36;5.8;11;0.638;SUCS
36;6.6;11;0.726;SUGAR
36;0;11;0;SUGOH
36;0.25;11;0.0275;THIA
36;170;11;18;TRP
36;0.25;11;0.0275;VITA
36;0;11;0;VITB12
36;0.5;11;0.055;VITC
36;0;11;0;VITD
36;26.44;11;2.9084;VITE
36;0.3;11;0.033;VITK
36;0.06;11;0.0066;VITPYRID
36;2.5;11;0.275;WATER
36;3.3;11;0.363;ZN
37;0;8;0;ALC
37;0;8;0;ASH
37;0;8;0;CA
37;0;8;0;CAROTENS
37;0;8;0;CARTB
37;0;8;0;CHOAVL
37;0;8;0;CHOCDF
37;0;8;0;CHOLE
37;0;8;0;CR
37;0;8;0;CU
37;3700;8;296;ENERC
37;8200;8;656;F16D0T
37;5800;8;464;F18D1T
37;1800;8;144;F18D2CN6
37;0;8;0;F18D3N3
37;0;8;0;F20D4N6
37;0;8;0;F20D5N3
37;0;8;0;F22D6N3
37;98.4286;8;7.874288;FACIDCTG
37;94.1;8;7.528;FAFRE
37;5.8;8;0.464;FAMCIS
37;1.8;8;0.144;FAPU
37;0;8;0;FAPUN3
37;1.8;8;0.144;FAPUN6
37;2.8;8;0.224;FAS18
37;86.5;8;6.92;FASAT
37;100;8;8;FAT
37;0;8;0;FATRN
37;0;8;0;FD
37;0;8;0;FE
37;0;8;0;FIBC
37;0;8;0;FIBINS
37;0;8;0;FIBT
37;0;8;0;FOL
37;0;8;0;FRUS
37;0;8;0;GALS
37;0;8;0;GLUS
37;0;8;0;ID
37;0;8;0;K
37;0;8;0;LACS
37;0;8;0;MALS
37;0;8;0;MG
37;0;8;0;MN
37;0;8;0;MO
37;0;8;0;MYRIC
37;0;8;0;NA
37;0;8;0;NACL
37;0;8;0;NIA
37;0;8;0;NIAEQ
37;0;8;0;NT
37;0;8;0;OA
37;0;8;0;P
37;0;8;0;PROT
37;0;8;0;PSACNCS
37;0;8;0;QUERCE
37;0;8;0;RETOL
37;0;8;0;RIBF
37;0;8;0;SE
37;0;8;0;STARCH
37;86;8;6;STERT
37;0;8;0;SUCS
37;0;8;0;SUGAR
37;0;8;0;SUGOH
37;0;8;0;THIA
37;0;8;0;TRP
37;0;8;0;VITA
37;0;8;0;VITB12
37;0;8;0;VITC
37;0;8;0;VITD
37;0.09;8;0.0072;VITE
37;0.5;8;0.04;VITK
37;0;8;0;VITPYRID
37;0;8;0;WATER
37;0;8;0;ZN
57;0;8;0;ALC
57;3.51;8;0.2808;ASH
57;160;8;12;CA
57;0;8;0;CAROTENS
57;0;8;0;CARTB
57;2.58;8;0.2064;CHOAVL
57;12.27;8;0.9816;CHOCDF
57;0;8;0;CHOLE
57;1.743;8;0.13944;CU
57;2805.21;8;224.4168;ENERC
57;9085;8;726;F16D0T
57;24223;8;1937;F18D1T
57;7782;8;622;F18D2CN6
57;17;8;1;F18D3N3
57;0;8;0;F20D4N6
57;0;8;0;F20D5N3
57;0;8;0;F22D6N3
57;63.0341;8;5.042728;FACIDCTG
57;60.262;8;4.82096;FAFRE
57;24.548;8;1.96384;FAMCIS
57;20.577;8;1.64616;FAPU
57;0.017;8;0.00136;FAPUN3
57;7.782;8;0.62256;FAPUN6
57;5.794;8;0.46352;FAS18
57;15.137;8;1.21096;FASAT
57;66.43;8;5.3144;FAT
57;0;8;0;FATRN
57;2.43;8;0.1944;FE
57;7.5;8;0.6;FIBC
57;1.4;8;0.112;FIBINS
57;7.5;8;0.6;FIBT
57;22;8;1;FOL
57;0;8;0;FRUS
57;0;8;0;GLUS
57;20;8;1;ID
57;659;8;52;K
57;0;8;0;LACS
57;0;8;0;MALS
57;376;8;30;MG
57;1.223;8;0.09784;MN
57;3;8;0;NA
57;7.64;8;0.6112;NACL
57;0.295;8;0.0236;NIA
57;0.295;8;0.0236;NIAEQ
57;2.61;8;0.2088;NT
57;0;8;0;OA
57;725;8;58;P
57;14.32;8;1.1456;PROT
57;1.3;8;0.104;PSACNCS
57;0;8;0;RETOL
57;0.035;8;0.0028;RIBF
57;1917;8;153;SE
57;0.25;8;0.02;STARCH
57;2.33;8;0.1864;SUCS
57;2.33;8;0.1864;SUGAR
57;0.617;8;0.04936;THIA
57;3;8;0;TRP
57;0;8;0;VITA
57;0;8;0;VITB12
57;0.7;8;0.056;VITC
57;0;8;0;VITD
57;0.9;8;0.072;VITE
57;0;8;0;VITK
57;0.101;8;0.00808;VITPYRID
57;3.48;8;0.2784;WATER
57;4.06;8;0.3248;ZN
61;0;50;0;ALC
61;0.3;50;0.15;ASH
61;8;50;4;CA
61;1290;50;645;CAROTENS
61;1290;50;645;CARTB
61;16;50;8;CHOAVL
61;18;50;9;CHOCDF
61;0;50;0;CHOLE
61;0.113;50;0.0565;CU
61;305.6;50;152.8;ENERC
61;0;50;0;F16D0T
61;0;50;0;F18D1T
61;0;50;0;F18D2CN6
61;0;50;0;F18D3N3
61;0;50;0;F20D4N6
61;0;50;0;F20D5N3
61;0;50;0;F22D6N3
61;0;50;0;FACIDCTG
61;0;50;0;FAFRE
61;0;50;0;FAMCIS
61;0;50;0;FAPU
61;0;50;0;FAPUN3
61;0;50;0;FAPUN6
61;0;50;0;FAS18
61;0;50;0;FASAT
61;0.2;50;0.1;FAT
61;0;50;0;FATRN
61;0.2;50;0.1;FE
61;2;50;1;FIBC
61;8;50;4;FOL
61;7.5;50;3.75;FRUS
61;7.5;50;3.75;GLUS
61;161;50;80;K
61;0;50;0;LACS
61;0;50;0;MALS
61;9;50;4;MG
61;0.355;50;0.1775;MN
61;1;50;0;NA
61;2.55;50;1.275;NACL
61;0.1;50;0.05;NIA
61;0.2;50;0.1;NIAEQ
61;17;50;8;P
61;0.6;50;0.3;PROT
61;0;50;0;RETOL
61;0.02;50;0.01;RIBF
61;1;50;0;SE
61;0;50;0;STARCH
61;1;50;0;SUCS
61;16;50;8;SUGAR
61;0.03;50;0.015;THIA
61;12;50;6;TRP
61;107.07;50;53.535;VITA
61;0;50;0;VITB12
61;8;50;4;VITC
61;0;50;0;VITD
61;0;50;0;VITE
61;2.6;50;1.3;VITK
61;0.02;50;0.01;VITPYRID
61;80.9;50;40.45;WATER
61;0.1;50;0.05;ZN
76;0;4;0;ALC
76;1.9;4;0.076;ASH
76;140;4;5;CA
76;21;4;0;CAROTENS
76;12;4;0;CARTB
76;3.2;4;0.128;CHOAVL
76;9.9;4;0.396;CHOCDF
76;0;4;0;CHOLE
76;14;4;0;CR
76;1.4;4;0.056;CU
76;2779.68;4;111.1872;ENERC
76;4404;4;176;F16D0T
76;8799;4;351;F18D1T
76;38093;4;1523;F18D2CN6
76;9080;4;363;F18D3N3
76;0;4;0;F20D4N6
76;0;4;0;F20D5N3
76;0;4;0;F22D6N3
76;65.0947;4;2.603788;FACIDCTG
76;62.232;4;2.48928;FAFRE
76;8.933;4;0.35732;FAMCIS
76;47.173;4;1.88692;FAPU
76;9.08;4;0.3632;FAPUN3
76;38.093;4;1.52372;FAPUN6
76;1.659;4;0.06636;FAS18
76;6.126;4;0.24504;FASAT
76;65.21;4;2.6084;FAT
76;0;4;0;FATRN
76;0.1;4;0.004;FD
76;3.6;4;0.144;FE
76;6.7;4;0.268;FIBC
76;5;4;0;FIBINS
76;5.2;4;0.208;FIBT
76;66;4;2;FOL
76;0.2;4;0.008;FRUS
76;0.2;4;0.008;GLUS
76;5;4;0;ID
76;650;4;26;K
76;0;4;0;LACS
76;0;4;0;MALS
76;160;4;6;MG
76;7.22;4;0.2888;MN
76;0.01;4;0.0004;MO
76;0;4;0;MYRIC
76;1;4;0;NA
76;2.55;4;0.102;NACL
76;1.2;4;0.048;NIA
76;4.039;4;0.16156;NIAEQ
76;2.7;4;0.108;NT
76;310;4;12;P
76;15.23;4;0.6092;PROT
76;0.2;4;0.008;PSACNCS
76;0;4;0;QUERCE
76;0;4;0;RETOL
76;0.13;4;0.0052;RIBF
76;19;4;0;SE
76;0.6;4;0.024;STARCH
76;117.6;4;4.704;STERT
76;2.2;4;0.088;SUCS
76;2.6;4;0.104;SUGAR
76;0;4;0;SUGOH
76;0.5;4;0.02;THIA
76;170;4;6;TRP
76;1;4;0;VITA
76;0;4;0;VITB12
76;3;4;0;VITC
76;0;4;0;VITD
76;0.7;4;0.028;VITE
76;13;4;0;VITK
76;0.73;4;0.0292;VITPYRID
76;7.76;4;0.3104;WATER
76;2;4;0;ZN
135;0;45;0;ALC
135;0.4;45;0.18;ASH
135;14.7;45;6.615;CA
135;612.3;45;275.535;CAROTENS
135;131.5;45;59.175;CARTB
135;1.4;45;0.63;CHOAVL
135;3.812;45;1.7154;CHOCDF
135;0;45;0;CHOLE
135;0.3;45;0.135;CR
135;0.027;45;0.01215;CU
135;47.27;45;21.2715;ENERC
135;14.493;45;6.52185;F16D0T
135;1.297;45;0.58365;F18D1T
135;14.953;45;6.72885;F18D2CN6
135;26.217;45;11.79765;F18D3N3
135;0;45;0;F20D4N6
135;0;45;0;F20D5N3
135;0;45;0;F22D6N3
135;0.0641;45;0.028845;FACIDCTG
135;0.0613;45;0.027585;FAFRE
135;0.0019;45;0.000855;FAMCIS
135;0.0412;45;0.01854;FAPU
135;0.0262;45;0.01179;FAPUN3
135;0.015;45;0.00675;FAPUN6
135;0.0017;45;0.000765;FAS18
135;0.0182;45;0.00819;FASAT
135;0.1;45;0.045;FAT
135;0;45;0;FATRN
135;0.005;45;0.00225;FD
135;0.18;45;0.081;FE
135;0.7;45;0.315;FIBC
135;0.7;45;0.315;FIBINS
135;1.1;45;0.495;FIBT
135;9.65;45;4.3425;FOL
135;0.7;45;0.315;FRUS
135;0.7;45;0.315;GLUS
135;1;45;0;ID
135;221.8;45;99.81;K
135;0;45;0;LACS
135;0;45;0;MALS
135;8.77;45;3.9465;MG
135;0.1;45;0.045;MN
135;0.005;45;0.00225;MO
135;50;45;22;MYRIC
135;2.4;45;1.08;NA
135;6.14;45;2.763;NACL
135;0.2;45;0.09;NIA
135;0.367;45;0.16515;NIAEQ
135;0.1;45;0.045;NT
135;0.24;45;0.108;OA
135;29.3;45;13.185;P
135;0.65;45;0.2925;PROT
135;0.4;45;0.18;PSACNCS
135;50;45;22;QUERCE
135;0;45;0;RETOL
135;0.09;45;0.0405;RIBF
135;0.5;45;0.225;SE
135;0;45;0;STARCH
135;7.8;45;3.51;STERT
135;0;45;0;SUCS
135;1.4;45;0.63;SUGAR
135;0;45;0;SUGOH
135;0.04;45;0.018;THIA
135;10;45;4;TRP
135;11.25;45;5.0625;VITA
135;0;45;0;VITB12
135;8;45;3;VITC
135;0;45;0;VITD
135;0.04;45;0.018;VITE
135;15;45;6;VITK
135;0.04;45;0.018;VITPYRID
135;95;45;42;WATER
135;0.09;45;0.0405;ZN
136;0;345;0;ALC
136;1.344;345;4.6368;ASH
136;116.74;345;402.753;CA
136;1822.9;345;6289.005;CAROTENS
136;60.93;345;210.2085;CARTB
136;13.547;345;46.73715;CHOAVL
136;16.101;345;55.54845;CHOCDF
136;18.91;345;65.2395;CHOLE
136;2.17;345;7.4865;CR
136;0.1746;345;0.60237;CU
136;698.65;345;2410.3425;ENERC
136;1891.026;345;6524.0397;F16D0T
136;2987.069;345;10305.38805;F18D1T
136;692.014;345;2387.4483;F18D2CN6
136;167.126;345;576.5847;F18D3N3
136;9.377;345;32.35065;F20D4N6
136;0.001;345;0.00345;F20D5N3
136;0;345;0;F22D6N3
136;8.567;345;29.55615;FACIDCTG
136;8.244;345;28.4418;FAFRE
136;3.2808;345;11.31876;FAMCIS
136;0.918;345;3.1671;FAPU
136;0.1671;345;0.576495;FAPUN3
136;0.709;345;2.44605;FAPUN6
136;0.9672;345;3.33684;FAS18
136;3.8827;345;13.395315;FASAT
136;8.729;345;30.11505;FAT
136;0.1463;345;0.504735;FATRN
136;0.023;345;0.07935;FD
136;0.774;345;2.6703;FE
136;0.973;345;3.35685;FIBC
136;0.41;345;1.4145;FIBINS
136;0.629;345;2.17005;FIBT
136;8.04;345;27.738;FOL
136;0.449;345;1.54905;FRUS
136;0;345;0;GALS
136;0.34;345;1.173;GLUS
136;14.17;345;48.8865;ID
136;174.15;345;600.8175;K
136;0.879;345;3.03255;LACS
136;0.02;345;0.069;MALS
136;15.506;345;53.4957;MG
136;0.1387;345;0.478515;MN
136;0.0081;345;0.027945;MO
136;11.4;345;39.33;MYRIC
136;207.9;345;717.255;NA
136;529.74;345;1827.603;NACL
136;1.208;345;4.1676;NIA
136;2.859;345;9.86355;NIAEQ
136;1.282;345;4.4229;NT
136;0.114;345;0.3933;OA
136;119.5;345;412.275;P
136;8.01;345;27.6345;PROT
136;0.22;345;0.759;PSACNCS
136;0.82;345;2.829;QUERCE
136;32.63;345;112.5735;RETOL
136;0.097;345;0.33465;RIBF
136;7.126;345;24.5847;SE
136;11.38;345;39.261;STARCH
136;17.47;345;60.2715;STERT
136;0.137;345;0.47265;SUCS
136;2.164;345;7.4658;SUGAR
136;0;345;0;SUGOH
136;0.0546;345;0.18837;THIA
136;107;345;369;TRP
136;36.093;345;124.52085;VITA
136;0.39;345;1.3455;VITB12
136;3.04;345;10.488;VITC
136;0.334;345;1.1523;VITD
136;0.561;345;1.93545;VITE
136;4.122;345;14.2209;VITK
136;0.11;345;0.3795;VITPYRID
136;63.04;345;217.488;WATER
136;1.293;345;4.46085;ZN
148;0;8;0;ALC
148;0.3;8;0.024;ASH
148;6;8;0;CA
148;63.5;8;5.08;CAROTENS
148;12.19;8;0.9752;CARTB
148;38;8;3;CHOAVL
148;50.3;8;4.024;CHOCDF
148;0;8;0;CHOLE
148;3;8;0;CR
148;0.04;8;0.0032;CU
148;678.13;8;54.2504;ENERC
148;8.45;8;0.676;F16D0T
148;9.589;8;0.76712;F18D1T
148;28.855;8;2.3084;F18D2CN6
148;28.338;8;2.26704;F18D3N3
148;0;8;0;F20D4N6
148;0;8;0;F20D5N3
148;0;8;0;F22D6N3
148;0.083;8;0.00664;FACIDCTG
148;0.08;8;0.0064;FAFRE
148;0.0099;8;0.000792;FAMCIS
148;0.058;8;0.00464;FAPU
148;0.0285;8;0.00228;FAPUN3
148;0.029;8;0.00232;FAPUN6
148;0.0009;8;7.2e-05;FAS18
148;0.0118;8;0.000944;FASAT
148;0.1;8;0.008;FAT
148;0;8;0;FATRN
148;0;8;0;FD
148;0.3;8;0.024;FE
148;1.3;8;0.104;FIBC
148;0.7;8;0.056;FIBINS
148;1.3;8;0.104;FIBT
148;4;8;0;FOL
148;7.2;8;0.576;FRUS
148;0;8;0;GALS
148;6.6;8;0.528;GLUS
148;1;8;0;ID
148;670;8;53;K
148;0;8;0;LACS
148;0;8;0;MALS
148;12;8;0;MG
148;0.74;8;0.0592;MN
148;0;8;0;MO
148;587.32;8;46.9856;MYRIC
148;34;8;2;NA
148;86.63;8;6.9304;NACL
148;0.178;8;0.01424;NIA
148;0.241;8;0.01928;NIAEQ
148;0.102;8;0.00816;NT
148;0.602;8;0.04816;OA
148;9;8;0;P
148;0.6;8;0.048;PROT
148;0.6;8;0.048;PSACNCS
148;1426.28;8;114.1024;QUERCE
148;0;8;0;RETOL
148;0.03;8;0.0024;RIBF
148;0.294;8;0.02352;SE
148;0.5;8;0.04;STARCH
148;7.12;8;0.5696;STERT
148;23.7;8;1.896;SUCS
148;37.5;8;3.0;SUGAR
148;0;8;0;SUGOH
148;0.02;8;0.0016;THIA
148;3.8;8;0.304;TRP
148;1.04;8;0.0832;VITA
148;0;8;0;VITB12
148;2;8;0;VITC
148;0;8;0;VITD
148;0.476;8;0.03808;VITE
148;4.532;8;0.36256;VITK
148;0;8;0;VITPYRID
148;48.7;8;3.896;WATER
148;0.1;8;0.008;ZN
158;0;5;0;ALC
158;1.559;5;0.07795;ASH
158;12.71;5;0.6355;CA
158;256.2;5;12.81;CAROTENS
158;256.2;5;12.81;CARTB
158;0.9;5;0.045;CHOAVL
158;0.9;5;0.045;CHOCDF
158;130;5;6;CHOLE
158;3.37;5;0.1685;CR
158;0.012;5;0.0006;CU
158;2796.08;5;139.804;ENERC
158;12688.465;5;634.42325;F16D0T
158;20668.983;5;1033.44915;F18D1T
158;4999.4;5;249.97;F18D2CN6
158;2377.146;5;118.8573;F18D3N3
158;0;5;0;F20D4N6
158;0;5;0;F20D5N3
158;0;5;0;F22D6N3
158;77.329;5;3.86645;FACIDCTG
158;73.928;5;3.6964;FAFRE
158;22.5549;5;1.127745;FAMCIS
158;8.043;5;0.40215;FAPU
158;2.3772;5;0.11886;FAPUN3
158;5.128;5;0.2564;FAPUN6
158;5.2447;5;0.262235;FAS18
158;30.7535;5;1.537675;FASAT
158;75;5;3;FAT
158;1.1051;5;0.055255;FATRN
158;0.003;5;0.00015;FD
158;0.105;5;0.00525;FE
158;0;5;0;FIBC
158;0;5;0;FIBINS
158;0;5;0;FIBT
158;1.68;5;0.084;FOL
158;0;5;0;FRUS
158;0.2;5;0.01;GALS
158;0.2;5;0.01;GLUS
158;21.24;5;1.062;ID
158;8.84;5;0.442;K
158;0.5;5;0.025;LACS
158;0;5;0;MALS
158;3.02;5;0.151;MG
158;0.0058;5;0.00029;MN
158;0;5;0;MO
158;0;5;0;MYRIC
158;600;5;30;NA
158;1528.8;5;76.44;NACL
158;0;5;0;NIA
158;0.056;5;0.0028;NIAEQ
158;0.046;5;0.0023;NT
158;0;5;0;OA
158;14.4;5;0.72;P
158;0.34;5;0.017;PROT
158;0;5;0;PSACNCS
158;0;5;0;QUERCE
158;398.7354;5;19.93677;RETOL
158;0.017;5;0.00085;RIBF
158;0.297;5;0.01485;SE
158;0;5;0;STARCH
158;139.1;5;6.955;STERT
158;0;5;0;SUCS
158;0.9;5;0.045;SUGAR
158;0;5;0;SUGOH
158;0;5;0;THIA
158;3.4;5;0.17;TRP
158;420;5;21;VITA
158;0;5;0;VITB12
158;0;5;0;VITC
158;10;5;0;VITD
158;4.638;5;0.2319;VITE
158;40.557;5;2.02785;VITK
158;0;5;0;VITPYRID
158;22.2;5;1.11;WATER
158;0.046;5;0.0023;ZN
159;0;15;0;ALC
159;0;15;0;ASH
159;0;15;0;CA
159;24.6;15;3.69;CAROTENS
159;24.6;15;3.69;CARTB
159;0;15;0;CHOAVL
159;0;15;0;CHOCDF
159;0;15;0;CHOLE
159;0;15;0;CR
159;0;15;0;CU
159;3700;15;555;ENERC
159;11426.111;15;1713.91665;F16D0T
159;67376.25;15;10106.4375;F18D1T
159;10366.56;15;1554.984;F18D2CN6
159;543.505;15;81.52575;F18D3N3
159;0;15;0;F20D4N6
159;0;15;0;F20D5N3
159;0;15;0;F22D6N3
159;97.62;15;14.643;FACIDCTG
159;93.3271;15;13.999065;FAFRE
159;68.3845;15;10.257675;FAMCIS
159;10.9301;15;1.639515;FAPU
159;0.5435;15;0.081525;FAPUN3
159;10.3666;15;1.55499;FAPUN6
159;2.436;15;0.3654;FAS18
159;14.0125;15;2.101875;FASAT
159;100;15;15;FAT
159;0;15;0;FATRN
159;0;15;0;FD
159;0;15;0;FE
159;0;15;0;FIBC
159;0;15;0;FIBINS
159;0;15;0;FIBT
159;0;15;0;FOL
159;0;15;0;FRUS
159;0;15;0;GLUS
159;0;15;0;ID
159;0;15;0;K
159;0;15;0;LACS
159;0;15;0;MALS
159;0;15;0;MG
159;0;15;0;MN
159;0;15;0;MO
159;0;15;0;MYRIC
159;0;15;0;NA
159;0;15;0;NACL
159;0;15;0;NIA
159;0;15;0;NIAEQ
159;0;15;0;NT
159;0;15;0;OA
159;0;15;0;P
159;0;15;0;PROT
159;0;15;0;PSACNCS
159;0;15;0;QUERCE
159;0;15;0;RETOL
159;0;15;0;RIBF
159;0;15;0;SE
159;0;15;0;STARCH
159;175;15;26;STERT
159;0;15;0;SUCS
159;0;15;0;SUGAR
159;0;15;0;SUGOH
159;0;15;0;THIA
159;0;15;0;TRP
159;2.04;15;0.306;VITA
159;0;15;0;VITB12
159;0;15;0;VITC
159;0;15;0;VITD
159;11.91;15;1.7865;VITE
159;30;15;4;VITK
159;0;15;0;VITPYRID
159;0;15;0;WATER
159;0;15;0;ZN
164;0;30;0;ALC
164;1.1;30;0.33;ASH
164;9;30;2;CA
164;6196.2;30;1858.86;CAROTENS
164;2908;30;872;CARTB
164;4.5;30;1.35;CHOAVL
164;6.4;30;1.92;CHOCDF
164;0;30;0;CHOLE
164;0.01;30;0.003;CU
164;118.78;30;35.634;ENERC
164;25;30;7;F16D0T
164;2;30;0;F18D1T
164;45;30;13;F18D2CN6
164;25;30;7;F18D3N3
164;0;30;0;F20D4N6
164;0;30;0;F20D5N3
164;0;30;0;F22D6N3
164;0.106;30;0.0318;FACIDCTG
164;0.101;30;0.0303;FAFRE
164;0.004;30;0.0012;FAMCIS
164;0.07;30;0.021;FAPU
164;0.025;30;0.0075;FAPUN3
164;0.045;30;0.0135;FAPUN6
164;0.002;30;0.0006;FAS18
164;0.027;30;0.0081;FASAT
164;0.3;30;0.09;FAT
164;0;30;0;FATRN
164;0.6;30;0.18;FE
164;1.9;30;0.57;FIBC
164;1;30;0;FIBINS
164;1.9;30;0.57;FIBT
164;55.86;30;16.758;FOL
164;2.1;30;0.63;FRUS
164;2.3;30;0.69;GLUS
164;1;30;0;ID
164;290;30;87;K
164;0;30;0;LACS
164;0;30;0;MALS
164;14;30;4;MG
164;0.1;30;0.03;MN
164;50;30;15;MYRIC
164;3.5;30;1.05;NA
164;8.92;30;2.676;NACL
164;1.3;30;0.39;NIA
164;1.5;30;0.45;NIAEQ
164;0.15;30;0.045;NT
164;0;30;0;OA
164;30;30;9;P
164;0.94;30;0.282;PROT
164;0.9;30;0.27;PSACNCS
164;760;30;228;QUERCE
164;0;30;0;RETOL
164;0.12;30;0.036;RIBF
164;0.2;30;0.06;SE
164;0;30;0;STARCH
164;21.5;30;6.45;STERT
164;0.1;30;0.03;SUCS
164;4.5;30;1.35;SUGAR
164;0;30;0;SUGOH
164;0.04;30;0.012;THIA
164;12;30;3;TRP
164;243.81;30;73.143;VITA
164;0;30;0;VITB12
164;184.8;30;55.44;VITC
164;0;30;0;VITD
164;2.16;30;0.648;VITE
164;4.6;30;1.38;VITK
164;0.45;30;0.135;VITPYRID
164;91.26;30;27.378;WATER
164;0.1;30;0.03;ZN
166;0;25;0;ALC
166;2.216;25;0.554;ASH
166;45.31;25;11.3275;CA
166;199.1;25;49.775;CAROTENS
166;8.77;25;2.1925;CARTB
166;45.007;25;11.25175;CHOAVL
166;53.913;25;13.47825;CHOCDF
166;0.09;25;0.0225;CHOLE
166;0.59;25;0.1475;CR
166;0.396;25;0.099;CU
166;1284.54;25;321.135;ENERC
166;681.142;25;170.2855;F16D0T
166;2187.209;25;546.80225;F18D1T
166;1864.914;25;466.2285;F18D2CN6
166;1125.321;25;281.33025;F18D3N3
166;0;25;0;F20D4N6
166;0;25;0;F20D5N3
166;0;25;0;F22D6N3
166;6.41;25;1.6025;FACIDCTG
166;6.154;25;1.5385;FAFRE
166;2.2423;25;0.560575;FAMCIS
166;3.006;25;0.7515;FAPU
166;1.1253;25;0.281325;FAPUN3
166;1.873;25;0.46825;FAPUN6
166;0.1785;25;0.044625;FAS18
166;0.906;25;0.2265;FASAT
166;6.696;25;1.674;FAT
166;0;25;0;FATRN
166;0.023;25;0.00575;FD
166;2.357;25;0.58925;FE
166;8.015;25;2.00375;FIBC
166;2.38;25;0.595;FIBINS
166;7.86;25;1.965;FIBT
166;39.6;25;9.9;FOL
166;0.129;25;0.03225;FRUS
166;0;25;0;GALS
166;0.104;25;0.026;GLUS
166;5.23;25;1.3075;ID
166;366.95;25;91.7375;K
166;0;25;0;LACS
166;0.03;25;0.0075;MALS
166;68.378;25;17.0945;MG
166;0.8307;25;0.207675;MN
166;0.0054;25;0.00135;MO
166;0;25;0;MYRIC
166;467.35;25;116.8375;NA
166;1190.8;25;297.7;NACL
166;1.102;25;0.2755;NIA
166;3.144;25;0.786;NIAEQ
166;1.755;25;0.43875;NT
166;0;25;0;OA
166;167.6;25;41.9;P
166;12.21;25;3.0525;PROT
166;1.05;25;0.2625;PSACNCS
166;0;25;0;QUERCE
166;0;25;0;RETOL
166;0.078;25;0.0195;RIBF
166;5.872;25;1.468;SE
166;41.17;25;10.2925;STARCH
166;56.09;25;14.0225;STERT
166;2.714;25;0.6785;SUCS
166;3.838;25;0.9595;SUGAR
166;0;25;0;SUGOH
166;0.1907;25;0.047675;THIA
166;143.2;25;35.8;TRP
166;0.847;25;0.21175;VITA
166;0;25;0;VITB12
166;0.02;25;0.005;VITC
166;0;25;0;VITD
166;1.45;25;0.3625;VITE
166;3.448;25;0.862;VITK
166;0.18;25;0.045;VITPYRID
166;25.18;25;6.295;WATER
166;1.368;25;0.342;ZN
172;0;15;0;ALC
172;0.841;15;0.12615;ASH
172;21.27;15;3.1905;CA
172;74;15;11;CAROTENS
172;1.45;15;0.2175;CARTB
172;63.881;15;9.58215;CHOAVL
172;65.553;15;9.83295;CHOCDF
172;0.5;15;0.075;CHOLE
172;1.53;15;0.2295;CR
172;0.1137;15;0.017055;CU
172;1753.19;15;262.9785;ENERC
172;2560.269;15;384.04035;F16D0T
172;5420.446;15;813.0669;F18D1T
172;1876.329;15;281.44935;F18D2CN6
172;449.629;15;67.44435;F18D3N3
172;0;15;0;F20D4N6
172;0;15;0;F20D5N3
172;0;15;0;F22D6N3
172;15.451;15;2.31765;FACIDCTG
172;14.771;15;2.21565;FAFRE
172;5.5711;15;0.835665;FAMCIS
172;2.343;15;0.35145;FAPU
172;0.4496;15;0.06744;FAPUN3
172;1.885;15;0.28275;FAPUN6
172;2.9635;15;0.444525;FAS18
172;6.5568;15;0.98352;FASAT
172;15.495;15;2.32425;FAT
172;0.3006;15;0.04509;FATRN
172;0.041;15;0.00615;FD
172;0.95;15;0.1425;FE
172;2.057;15;0.30855;FIBC
172;0.98;15;0.147;FIBINS
172;1.314;15;0.1971;FIBT
172;5.07;15;0.7605;FOL
172;4.09;15;0.6135;FRUS
172;0;15;0;GALS
172;4.515;15;0.67725;GLUS
172;5.84;15;0.876;ID
172;101.46;15;15.219;K
172;0;15;0;LACS
172;0;15;0;MALS
172;14.955;15;2.24325;MG
172;0.246;15;0.0369;MN
172;0.0079;15;0.001185;MO
172;0;15;0;MYRIC
172;143.4;15;21.51;NA
172;365.38;15;54.807;NACL
172;0.338;15;0.0507;NIA
172;1.038;15;0.1557;NIAEQ
172;0.638;15;0.0957;NT
172;0;15;0;OA
172;38.1;15;5.715;P
172;4.56;15;0.684;PROT
172;0.34;15;0.051;PSACNCS
172;0;15;0;QUERCE
172;0;15;0;RETOL
172;0.02;15;0.003;RIBF
172;3.207;15;0.48105;SE
172;26.13;15;3.9195;STARCH
172;77.14;15;11.571;STERT
172;28.232;15;4.2348;SUCS
172;36.836;15;5.5254;SUGAR
172;0;15;0;SUGOH
172;0.024;15;0.0036;THIA
172;48.8;15;7.32;TRP
172;0.122;15;0.0183;VITA
172;0;15;0;VITB12
172;0;15;0;VITC
172;0;15;0;VITD
172;1.477;15;0.22155;VITE
172;9.626;15;1.4439;VITK
172;0.04;15;0.006;VITPYRID
172;13.55;15;2.0325;WATER
172;0.336;15;0.0504;ZN
185;0;47,75;0;ALC
185;0.685;47,75;0.32195;ASH
185;56;47,75;26;CA
185;2734.5;47,75;1285.215;CAROTENS
185;983.5;47,75;462.245;CARTB
185;1.035;47,75;0.48645;CHOAVL
185;1.784;47,75;0.83848;CHOCDF
185;0;47,75;0;CHOLE
185;47.67;47,75;22.4049;ENERC
185;11.05;47,75;5.1935;F16D0T
185;1.208;47,75;0.56776;F18D1T
185;19.54029;47,75;9.1839363;F18D2CN6
185;38.96019;47,75;18.3112893;F18D3N3
185;0;47,75;0;F20D4N6
185;0;47,75;0;F20D5N3
185;0;47,75;0;F22D6N3
185;0.083;47,75;0.03901;FACIDCTG
185;0.079;47,75;0.03713;FAFRE
185;0.0044;47,75;0.002068;FAMCIS
185;0.059;47,75;0.02773;FAPU
185;0.039;47,75;0.01833;FAPUN3
185;0.0197;47,75;0.009259;FAPUN6
185;0.001;47,75;0.00047;FAS18
185;0.0153;47,75;0.007191;FASAT
185;0.121;47,75;0.05687;FAT
185;0;47,75;0;FATRN
185;0.7;47,75;0.329;FE
185;1;47,75;0;FIBC
185;0.8;47,75;0.376;FIBINS
185;1.2;47,75;0.564;FIBT
185;38.6;47,75;18.142;FOL
185;0.374;47,75;0.17578;FRUS
185;0.288;47,75;0.13536;GLUS
185;1;47,75;0;ID
185;360;47,75;169;K
185;0;47,75;0;LACS
185;0.05;47,75;0.0235;MALS
185;21;47,75;9;MG
185;23;47,75;10;NA
185;58.6;47,75;27.542;NACL
185;0.4;47,75;0.188;NIA
185;0.4;47,75;0.188;NIAEQ
185;0.15;47,75;0.0705;NT
185;0.13;47,75;0.0611;OA
185;40;47,75;18;P
185;0.936;47,75;0.43992;PROT
185;0.4;47,75;0.188;PSACNCS
185;0;47,75;0;RETOL
185;0.022;47,75;0.01034;RIBF
185;0.2;47,75;0.094;SE
185;0.273;47,75;0.12831;STARCH
185;8.5;47,75;3.995;STERT
185;0.05;47,75;0.0235;SUCS
185;0.762;47,75;0.35814;SUGAR
185;0;47,75;0;SUGOH
185;0.03;47,75;0.0141;THIA
185;81.63;47,75;38.3661;VITA
185;0;47,75;0;VITB12
185;2.69;47,75;1.2643;VITC
185;0;47,75;0;VITD
185;0.63;47,75;0.2961;VITE
185;115;47,75;54;VITK
185;0.1;47,75;0.047;VITPYRID
185;96.474;47,75;45.34278;WATER
185;0.5;47,75;0.235;ZN
194;0;7;0;ALC
194;2.123;7;0.14861;ASH
194;339.74;7;23.7818;CA
194;62.7;7;4.389;CAROTENS
194;37.95;7;2.6565;CARTB
194;39.282;7;2.74974;CHOAVL
194;45.444;7;3.18108;CHOCDF
194;4.7;7;0.329;CHOLE
194;4.3;7;0.301;CR
194;0.429;7;0.03003;CU
194;2360.8;7;165.256;ENERC
194;6203.271;7;434.22897;F16D0T
194;17591.755;7;1231.42285;F18D1T
194;2039.52;7;142.7664;F18D2CN6
194;65.497;7;4.58479;F18D3N3
194;0;7;0;F20D4N6
194;0;7;0;F20D5N3
194;0;7;0;F22D6N3
194;35.684;7;2.49788;FACIDCTG
194;34.114;7;2.38798;FAFRE
194;17.816;7;1.24712;FAMCIS
194;2.105;7;0.14735;FAPU
194;0.0655;7;0.004585;FAPUN3
194;2.039;7;0.14273;FAPUN6
194;6.6247;7;0.463729;FAS18
194;14.1586;7;0.991102;FASAT
194;39.44;7;2.7608;FAT
194;0.0346;7;0.002422;FATRN
194;0.054;7;0.00378;FD
194;2.368;7;0.16576;FE
194;5.257;7;0.36799;FIBC
194;2.24;7;0.1568;FIBINS
194;2.62;7;0.1834;FIBT
194;21.95;7;1.5365;FOL
194;0.115;7;0.00805;FRUS
194;0;7;0;GALS
194;0.092;7;0.00644;GLUS
194;31.18;7;2.1826;ID
194;496;7;34;K
194;7.7;7;0.539;LACS
194;0;7;0;MALS
194;82.31;7;5.7617;MG
194;1.6791;7;0.117537;MN
194;0.0131;7;0.000917;MO
194;0;7;0;MYRIC
194;77.23;7;5.4061;NA
194;196.78;7;13.7746;NACL
194;0.561;7;0.03927;NIA
194;3.001;7;0.21007;NIAEQ
194;1.247;7;0.08729;NT
194;0.308;7;0.02156;OA
194;302.3;7;21.161;P
194;11.04;7;0.7728;PROT
194;0.38;7;0.0266;PSACNCS
194;3850;7;269;QUERCE
194;77;7;5;RETOL
194;0.407;7;0.02849;RIBF
194;3.54;7;0.2478;SE
194;0;7;0;STARCH
194;91.5;7;6.405;STERT
194;31.375;7;2.19625;SUCS
194;39.282;7;2.74974;SUGAR
194;0;7;0;SUGOH
194;0.1574;7;0.011018;THIA
194;146.1;7;10.227;TRP
194;80.181;7;5.61267;VITA
194;0;7;0;VITB12
194;0;7;0;VITC
194;0;7;0;VITD
194;3.826;7;0.26782;VITE
194;4.113;7;0.28791;VITK
194;0.15;7;0.0105;VITPYRID
194;1.95;7;0.1365;WATER
194;1.644;7;0.11508;ZN
197;0;6;0;ALC
197;0.628;6;0.03768;ASH
197;12.27;6;0.7362;CA
197;3.1;6;0.186;CAROTENS
197;0.59;6;0.0354;CARTB
197;80.384;6;4.82304;CHOAVL
197;82.373;6;4.94238;CHOCDF
197;0.83;6;0.0498;CHOLE
197;0.66;6;0.0396;CR
197;0.0069;6;0.000414;CU
197;1813.59;6;108.8154;ENERC
197;3509.238;6;210.55428;F16D0T
197;4061.13;6;243.6678;F18D1T
197;926.88;6;55.6128;F18D2CN6
197;175.31;6;10.5186;F18D3N3
197;0.078;6;0.00468;F20D4N6
197;0;6;0;F20D5N3
197;0;6;0;F22D6N3
197;10.682;6;0.64092;FACIDCTG
197;10.231;6;0.61386;FAFRE
197;4.1329;6;0.247974;FAMCIS
197;1.104;6;0.06624;FAPU
197;0.1753;6;0.010518;FAPUN3
197;0.927;6;0.05562;FAPUN6
197;1.3382;6;0.080292;FAS18
197;4.9893;6;0.299358;FASAT
197;11.042;6;0.66252;FAT
197;0.0047;6;0.000282;FATRN
197;0.033;6;0.00198;FD
197;0.796;6;0.04776;FE
197;1.976;6;0.11856;FIBC
197;1.48;6;0.0888;FIBINS
197;1.976;6;0.11856;FIBT
197;2.7;6;0.162;FOL
197;0;6;0;FRUS
197;0;6;0;GALS
197;2.664;6;0.15984;GLUS
197;4.01;6;0.2406;ID
197;235.55;6;14.133;K
197;0.195;6;0.0117;LACS
197;1.96;6;0.1176;MALS
197;34.363;6;2.06178;MG
197;0.0069;6;0.000414;MN
197;0.0067;6;0.000402;MO
197;0;6;0;MYRIC
197;6.3;6;0.378;NA
197;16.05;6;0.963;NACL
197;0.133;6;0.00798;NIA
197;0.403;6;0.02418;NIAEQ
197;0.294;6;0.01764;NT
197;0;6;0;OA
197;47.5;6;2.85;P
197;1.33;6;0.0798;PROT
197;0.49;6;0.0294;PSACNCS
197;3250;6;195;QUERCE
197;1.14;6;0.0684;RETOL
197;0.02;6;0.0012;RIBF
197;0.653;6;0.03918;SE
197;0.71;6;0.0426;STARCH
197;25.62;6;1.5372;STERT
197;65.434;6;3.92604;SUCS
197;70.255;6;4.2153;SUGAR
197;0;6;0;SUGOH
197;0.0021;6;0.000126;THIA
197;16.1;6;0.966;TRP
197;1.189;6;0.07134;VITA
197;0.01;6;0.0006;VITB12
197;0.04;6;0.0024;VITC
197;0.001;6;6.0e-05;VITD
197;0.656;6;0.03936;VITE
197;3.197;6;0.19182;VITK
197;0.01;6;0.0006;VITPYRID
197;4.62;6;0.2772;WATER
197;0.473;6;0.02838;ZN
219;0;48;0;ALC
219;0.8;48;0.384;ASH
219;6.2;48;2.976;CA
219;29.7;48;14.256;CAROTENS
219;14.2;48;6.816;CARTB
219;18.3;48;8.784;CHOAVL
219;23.01;48;11.0448;CHOCDF
219;0;48;0;CHOLE
219;0.108;48;0.05184;CU
219;366.42;48;175.8816;ENERC
219;40.402;48;19.39296;F16D0T
219;10.578;48;5.07744;F18D1T
219;26.417;48;12.68016;F18D2CN6
219;19.638;48;9.42624;F18D3N3
219;0;48;0;F20D4N6
219;0;48;0;F20D5N3
219;0;48;0;F22D6N3
219;0.1127;48;0.054096;FACIDCTG
219;0.1078;48;0.051744;FAFRE
219;0.014;48;0.00672;FAMCIS
219;0.0477;48;0.022896;FAPU
219;0.0196;48;0.009408;FAPUN3
219;0.0264;48;0.012672;FAPUN6
219;0.002;48;0.00096;FAS18
219;0.0461;48;0.022128;FASAT
219;0.4;48;0.192;FAT
219;0;48;0;FATRN
219;0.01;48;0.0048;FD
219;1;48;0;FE
219;1.8;48;0.864;FIBC
219;1;48;0;FIBINS
219;1.7;48;0.816;FIBT
219;12.54;48;6.0192;FOL
219;2.7;48;1.296;FRUS
219;4.4;48;2.112;GLUS
219;1;48;0;ID
219;358.4;48;172.032;K
219;0;48;0;LACS
219;0;48;0;MALS
219;31.32;48;15.0336;MG
219;0.24;48;0.1152;MN
219;0.005;48;0.0024;MO
219;0;48;0;MYRIC
219;5;48;2;NA
219;12.74;48;6.1152;NACL
219;0.7;48;0.336;NIA
219;0.917;48;0.44016;NIAEQ
219;0.19;48;0.0912;NT
219;0.44;48;0.2112;OA
219;24.9;48;11.952;P
219;1.2;48;0.576;PROT
219;0.7;48;0.336;PSACNCS
219;0;48;0;QUERCE
219;0;48;0;RETOL
219;0.06;48;0.0288;RIBF
219;0.32;48;0.1536;SE
219;4.8;48;2.304;STARCH
219;11.6;48;5.568;STERT
219;6.4;48;3.072;SUCS
219;13.5;48;6.48;SUGAR
219;0;48;0;SUGOH
219;0.04;48;0.0192;THIA
219;13;48;6;TRP
219;1.68;48;0.8064;VITA
219;0;48;0;VITB12
219;10;48;4;VITC
219;0;48;0;VITD
219;0.21;48;0.1008;VITE
219;0.5;48;0.24;VITK
219;0.5;48;0.24;VITPYRID
219;74.6;48;35.808;WATER
219;0.19;48;0.0912;ZN
222;0;5;0;ALC
222;3;5;0;ASH
222;45;5;2;CA
222;22;5;1;CAROTENS
222;0;5;0;CARTB
222;18.8;5;0.94;CHOAVL
222;25.45;5;1.2725;CHOCDF
222;0;5;0;CHOLE
222;2.22;5;0.111;CU
222;2402.55;5;120.1275;ENERC
222;3916;5;195;F16D0T
222;23523;5;1176;F18D1T
222;7782;5;389;F18D2CN6
222;62;5;3;F18D3N3
222;0;5;0;F20D4N6
222;0;5;0;F20D5N3
222;0;5;0;F22D6N3
222;41.2396;5;2.06198;FACIDCTG
222;39.426;5;1.9713;FAFRE
222;23.797;5;1.18985;FAMCIS
222;7.844;5;0.3922;FAPU
222;0.062;5;0.0031;FAPUN3
222;7.782;5;0.3891;FAPUN6
222;3.223;5;0.16115;FAS18
222;7.785;5;0.38925;FASAT
222;46.35;5;2.3175;FAT
222;0;5;0;FATRN
222;0.14;5;0.007;FD
222;6;5;0;FE
222;3.5;5;0.175;FIBC
222;1.9;5;0.095;FIBINS
222;3.5;5;0.175;FIBT
222;69.2;5;3.46;FOL
222;0;5;0;FRUS
222;0;5;0;GLUS
222;10;5;0;ID
222;565;5;28;K
222;0;5;0;LACS
222;0;5;0;MALS
222;260;5;13;MG
222;0.84;5;0.042;MN
222;0.01;5;0.0005;MO
222;0;5;0;MYRIC
222;10;5;0;NA
222;25.48;5;1.274;NACL
222;1.2;5;0.06;NIA
222;8.715;5;0.43575;NIAEQ
222;3.87;5;0.1935;NT
222;0;5;0;OA
222;490;5;24;P
222;20;5;1;PROT
222;1.6;5;0.08;PSACNCS
222;0;5;0;QUERCE
222;0;5;0;RETOL
222;0.2;5;0.01;RIBF
222;11;5;0;SE
222;14.2;5;0.71;STARCH
222;117.6;5;5.88;STERT
222;4.6;5;0.23;SUCS
222;4.6;5;0.23;SUGAR
222;0;5;0;SUGOH
222;0.2;5;0.01;THIA
222;450;5;22;TRP
222;0;5;0;VITA
222;0;5;0;VITB12
222;0;5;0;VITC
222;0;5;0;VITD
222;0.9;5;0.045;VITE
222;7;5;0;VITK
222;0.4;5;0.02;VITPYRID
222;5.2;5;0.26;WATER
222;5.6;5;0.28;ZN
228;0;253;0;ALC
228;0.733;253;1.85449;ASH
228;123.04;253;311.2912;CA
228;11.8;253;29.854;CAROTENS
228;11.79;253;29.8287;CARTB
228;4.829;253;12.21737;CHOAVL
228;4.866;253;12.31098;CHOCDF
228;8.07;253;20.4171;CHOLE
228;0.85;253;2.1505;CR
228;0.0093;253;0.023529;CU
228;228.64;253;578.4592;ENERC
228;720.097;253;1821.84541;F16D0T
228;448.563;253;1134.86439;F18D1T
228;32.379;253;81.91887;F18D2CN6
228;8.371;253;21.17863;F18D3N3
228;0;253;0;F20D4N6
228;0;253;0;F20D5N3
228;0;253;0;F22D6N3
228;2.336;253;5.91008;FACIDCTG
228;2.234;253;5.65202;FAFRE
228;0.5205;253;1.316865;FAMCIS
228;0.054;253;0.13662;FAPU
228;0.0084;253;0.021252;FAPUN3
228;0.032;253;0.08096;FAPUN6
228;0.2335;253;0.590755;FAS18
228;1.5949;253;4.035097;FASAT
228;2.504;253;6.33512;FAT
228;0.0643;253;0.162679;FATRN
228;0.01;253;0.0253;FD
228;0.054;253;0.13662;FE
228;0;253;0;FIBC
228;0;253;0;FIBINS
228;0;253;0;FIBT
228;5.48;253;13.8644;FOL
228;0;253;0;FRUS
228;1.876;253;4.74628;GALS
228;1.876;253;4.74628;GLUS
228;14.32;253;36.2296;ID
228;160;253;404;K
228;1.077;253;2.72481;LACS
228;0;253;0;MALS
228;11.293;253;28.57129;MG
228;0.01;253;0.0253;MN
228;0.005;253;0.01265;MO
228;0;253;0;MYRIC
228;44;253;111;NA
228;112.11;253;283.6383;NACL
228;0.1;253;0.253;NIA
228;0.848;253;2.14544;NIAEQ
228;0.483;253;1.22199;NT
228;0.2;253;0.506;OA
228;90;253;227;P
228;3.02;253;7.6406;PROT
228;0;253;0;PSACNCS
228;0;253;0;QUERCE
228;19.45;253;49.2085;RETOL
228;0.185;253;0.46805;RIBF
228;2.849;253;7.20797;SE
228;0;253;0;STARCH
228;0.07;253;0.1771;STERT
228;0;253;0;SUCS
228;4.829;253;12.21737;SUGAR
228;0;253;0;SUGOH
228;0.0333;253;0.084249;THIA
228;44.8;253;113.344;TRP
228;20.424;253;51.67272;VITA
228;0.4;253;1.012;VITB12
228;1.05;253;2.6565;VITC
228;0.025;253;0.06325;VITD
228;0.046;253;0.11638;VITE
228;0.585;253;1.48005;VITK
228;0.05;253;0.1265;VITPYRID
228;88.92;253;224.9676;WATER
228;0.437;253;1.10561;ZN
242;0;2;0;ALC
242;0;2;0;ASH
242;0;2;0;CA
242;0;2;0;CAROTENS
242;0;2;0;CARTB
242;2.7;2;0.054;CHOAVL
242;2.7;2;0.054;CHOCDF
242;0;2;0;CHOLE
242;0;2;0;CR
242;0;2;0;CU
242;1685;2;33;ENERC
242;0;2;0;F16D0T
242;0;2;0;F18D1T
242;0;2;0;F18D2CN6
242;0;2;0;F18D3N3
242;0;2;0;F20D4N6
242;0;2;0;F20D5N3
242;0;2;0;F22D6N3
242;1.839;2;0.03678;FACIDCTG
242;1.758;2;0.03516;FAFRE
242;0.567;2;0.01134;FAMCIS
242;0.057;2;0.00114;FAPU
242;0;2;0;FAPUN3
242;0;2;0;FAPUN6
242;0;2;0;FAS18
242;0.2;2;0.004;FASAT
242;0.4;2;0.008;FAT
242;0;2;0;FATRN
242;0;2;0;FD
242;0;2;0;FE
242;0;2;0;FIBC
242;0;2;0;FIBINS
242;0;2;0;FIBT
242;0;2;0;FOL
242;0;2;0;FRUS
242;1.335;2;0.0267;GALS
242;1.335;2;0.0267;GLUS
242;0;2;0;ID
242;0;2;0;K
242;0.03;2;0.0006;LACS
242;0;2;0;MALS
242;0;2;0;MG
242;0;2;0;MN
242;0;2;0;MO
242;0;2;0;MYRIC
242;23.53;2;0.4706;NA
242;59.95;2;1.199;NACL
242;0;2;0;NIA
242;0;2;0;NIAEQ
242;14.8;2;0.296;NT
242;0;2;0;OA
242;0;2;0;P
242;92.5;2;1.85;PROT
242;0;2;0;PSACNCS
242;0;2;0;QUERCE
242;0;2;0;RETOL
242;0;2;0;RIBF
242;0;2;0;SE
242;0;2;0;STARCH
242;0;2;0;STERT
242;0;2;0;SUCS
242;2.7;2;0.054;SUGAR
242;0;2;0;SUGOH
242;0;2;0;THIA
242;1310.7;2;26.214;TRP
242;0;2;0;VITA
242;0;2;0;VITB12
242;0;2;0;VITC
242;0;2;0;VITD
242;0;2;0;VITE
242;0;2;0;VITK
242;0;2;0;VITPYRID
242;3;2;0;WATER
242;0;2;0;ZN
252;0;9;0;ALC
252;3.1;9;0.279;ASH
252;276;9;24;CA
252;4;9;0;CAROTENS
252;3;9;0;CARTB
252;6.6;9;0.594;CHOAVL
252;19.1;9;1.719;CHOCDF
252;0;9;0;CHOLE
252;12;9;1;CR
252;0.78;9;0.0702;CU
252;2517.1;9;226.539;ENERC
252;3376.17;9;303.8553;F16D0T
252;32408.631;9;2916.77679;F18D1T
252;11931.65;9;1073.8485;F18D2CN6
252;270;9;24;F18D3N3
252;0;9;0;F20D4N6
252;0;9;0;F20D5N3
252;0;9;0;F22D6N3
252;51.239;9;4.61151;FACIDCTG
252;48.986;9;4.40874;FAFRE
252;32.7086;9;2.943774;FAMCIS
252;12.202;9;1.09818;FAPU
252;0.27;9;0.0243;FAPUN3
252;11.932;9;1.07388;FAPUN6
252;0.6499;9;0.058491;FAS18
252;4.0753;9;0.366777;FASAT
252;51.24;9;4.6116;FAT
252;0;9;0;FATRN
252;0;9;0;FD
252;5.2;9;0.468;FE
252;12.5;9;1.125;FIBC
252;6.9;9;0.621;FIBINS
252;7.2;9;0.648;FIBT
252;48;9;4;FOL
252;0.5;9;0.045;FRUS
252;0.3;9;0.027;GLUS
252;5;9;0;ID
252;740;9;66;K
252;0;9;0;LACS
252;0;9;0;MALS
252;278;9;25;MG
252;2.52;9;0.2268;MN
252;0;9;0;MO
252;0;9;0;MYRIC
252;1;9;0;NA
252;2.55;9;0.2295;NACL
252;4;9;0;NIA
252;6.839;9;0.61551;NIAEQ
252;3.85;9;0.3465;NT
252;490;9;44;P
252;24.06;9;2.1654;PROT
252;0.3;9;0.027;PSACNCS
252;360;9;32;QUERCE
252;0;9;0;RETOL
252;0.7;9;0.063;RIBF
252;4;9;0;SE
252;0;9;0;STARCH
252;138.5;9;12.465;STERT
252;5.8;9;0.522;SUCS
252;6.6;9;0.594;SUGAR
252;0;9;0;SUGOH
252;0.25;9;0.0225;THIA
252;170;9;15;TRP
252;0.25;9;0.0225;VITA
252;0;9;0;VITB12
252;0.5;9;0.045;VITC
252;0;9;0;VITD
252;26.44;9;2.3796;VITE
252;0.3;9;0.027;VITK
252;0.06;9;0.0054;VITPYRID
252;2.5;9;0.225;WATER
252;3.3;9;0.297;ZN
253;0;8;0;ALC
253;0;8;0;ASH
253;0;8;0;CA
253;0;8;0;CAROTENS
253;0;8;0;CARTB
253;0;8;0;CHOAVL
253;0;8;0;CHOCDF
253;0;8;0;CHOLE
253;0;8;0;CR
253;0;8;0;CU
253;3700;8;296;ENERC
253;8200;8;656;F16D0T
253;5800;8;464;F18D1T
253;1800;8;144;F18D2CN6
253;0;8;0;F18D3N3
253;0;8;0;F20D4N6
253;0;8;0;F20D5N3
253;0;8;0;F22D6N3
253;98.4286;8;7.874288;FACIDCTG
253;94.1;8;7.528;FAFRE
253;5.8;8;0.464;FAMCIS
253;1.8;8;0.144;FAPU
253;0;8;0;FAPUN3
253;1.8;8;0.144;FAPUN6
253;2.8;8;0.224;FAS18
253;86.5;8;6.92;FASAT
253;100;8;8;FAT
253;0;8;0;FATRN
253;0;8;0;FD
253;0;8;0;FE
253;0;8;0;FIBC
253;0;8;0;FIBINS
253;0;8;0;FIBT
253;0;8;0;FOL
253;0;8;0;FRUS
253;0;8;0;GALS
253;0;8;0;GLUS
253;0;8;0;ID
253;0;8;0;K
253;0;8;0;LACS
253;0;8;0;MALS
253;0;8;0;MG
253;0;8;0;MN
253;0;8;0;MO
253;0;8;0;MYRIC
253;0;8;0;NA
253;0;8;0;NACL
253;0;8;0;NIA
253;0;8;0;NIAEQ
253;0;8;0;NT
253;0;8;0;OA
253;0;8;0;P
253;0;8;0;PROT
253;0;8;0;PSACNCS
253;0;8;0;QUERCE
253;0;8;0;RETOL
253;0;8;0;RIBF
253;0;8;0;SE
253;0;8;0;STARCH
253;86;8;6;STERT
253;0;8;0;SUCS
253;0;8;0;SUGAR
253;0;8;0;SUGOH
253;0;8;0;THIA
253;0;8;0;TRP
253;0;8;0;VITA
253;0;8;0;VITB12
253;0;8;0;VITC
253;0;8;0;VITD
253;0.09;8;0.0072;VITE
253;0.5;8;0.04;VITK
253;0;8;0;VITPYRID
253;0;8;0;WATER
253;0;8;0;ZN
273;0;8;0;ALC
273;3.51;8;0.2808;ASH
273;160;8;12;CA
273;0;8;0;CAROTENS
273;0;8;0;CARTB
273;2.58;8;0.2064;CHOAVL
273;12.27;8;0.9816;CHOCDF
273;0;8;0;CHOLE
273;1.743;8;0.13944;CU
273;2805.21;8;224.4168;ENERC
273;9085;8;726;F16D0T
273;24223;8;1937;F18D1T
273;7782;8;622;F18D2CN6
273;17;8;1;F18D3N3
273;0;8;0;F20D4N6
273;0;8;0;F20D5N3
273;0;8;0;F22D6N3
273;63.0341;8;5.042728;FACIDCTG
273;60.262;8;4.82096;FAFRE
273;24.548;8;1.96384;FAMCIS
273;20.577;8;1.64616;FAPU
273;0.017;8;0.00136;FAPUN3
273;7.782;8;0.62256;FAPUN6
273;5.794;8;0.46352;FAS18
273;15.137;8;1.21096;FASAT
273;66.43;8;5.3144;FAT
273;0;8;0;FATRN
273;2.43;8;0.1944;FE
273;7.5;8;0.6;FIBC
273;1.4;8;0.112;FIBINS
273;7.5;8;0.6;FIBT
273;22;8;1;FOL
273;0;8;0;FRUS
273;0;8;0;GLUS
273;20;8;1;ID
273;659;8;52;K
273;0;8;0;LACS
273;0;8;0;MALS
273;376;8;30;MG
273;1.223;8;0.09784;MN
273;3;8;0;NA
273;7.64;8;0.6112;NACL
273;0.295;8;0.0236;NIA
273;0.295;8;0.0236;NIAEQ
273;2.61;8;0.2088;NT
273;0;8;0;OA
273;725;8;58;P
273;14.32;8;1.1456;PROT
273;1.3;8;0.104;PSACNCS
273;0;8;0;RETOL
273;0.035;8;0.0028;RIBF
273;1917;8;153;SE
273;0.25;8;0.02;STARCH
273;2.33;8;0.1864;SUCS
273;2.33;8;0.1864;SUGAR
273;0.617;8;0.04936;THIA
273;3;8;0;TRP
273;0;8;0;VITA
273;0;8;0;VITB12
273;0.7;8;0.056;VITC
273;0;8;0;VITD
273;0.9;8;0.072;VITE
273;0;8;0;VITK
273;0.101;8;0.00808;VITPYRID
273;3.48;8;0.2784;WATER
273;4.06;8;0.3248;ZN
292;0;4;0;ALC
292;1.9;4;0.076;ASH
292;140;4;5;CA
292;21;4;0;CAROTENS
292;12;4;0;CARTB
292;3.2;4;0.128;CHOAVL
292;9.9;4;0.396;CHOCDF
292;0;4;0;CHOLE
292;14;4;0;CR
292;1.4;4;0.056;CU
292;2779.68;4;111.1872;ENERC
292;4404;4;176;F16D0T
292;8799;4;351;F18D1T
292;38093;4;1523;F18D2CN6
292;9080;4;363;F18D3N3
292;0;4;0;F20D4N6
292;0;4;0;F20D5N3
292;0;4;0;F22D6N3
292;65.0947;4;2.603788;FACIDCTG
292;62.232;4;2.48928;FAFRE
292;8.933;4;0.35732;FAMCIS
292;47.173;4;1.88692;FAPU
292;9.08;4;0.3632;FAPUN3
292;38.093;4;1.52372;FAPUN6
292;1.659;4;0.06636;FAS18
292;6.126;4;0.24504;FASAT
292;65.21;4;2.6084;FAT
292;0;4;0;FATRN
292;0.1;4;0.004;FD
292;3.6;4;0.144;FE
292;6.7;4;0.268;FIBC
292;5;4;0;FIBINS
292;5.2;4;0.208;FIBT
292;66;4;2;FOL
292;0.2;4;0.008;FRUS
292;0.2;4;0.008;GLUS
292;5;4;0;ID
292;650;4;26;K
292;0;4;0;LACS
292;0;4;0;MALS
292;160;4;6;MG
292;7.22;4;0.2888;MN
292;0.01;4;0.0004;MO
292;0;4;0;MYRIC
292;1;4;0;NA
292;2.55;4;0.102;NACL
292;1.2;4;0.048;NIA
292;4.039;4;0.16156;NIAEQ
292;2.7;4;0.108;NT
292;310;4;12;P
292;15.23;4;0.6092;PROT
292;0.2;4;0.008;PSACNCS
292;0;4;0;QUERCE
292;0;4;0;RETOL
292;0.13;4;0.0052;RIBF
292;19;4;0;SE
292;0.6;4;0.024;STARCH
292;117.6;4;4.704;STERT
292;2.2;4;0.088;SUCS
292;2.6;4;0.104;SUGAR
292;0;4;0;SUGOH
292;0.5;4;0.02;THIA
292;170;4;6;TRP
292;1;4;0;VITA
292;0;4;0;VITB12
292;3;4;0;VITC
292;0;4;0;VITD
292;0.7;4;0.028;VITE
292;13;4;0;VITK
292;0.73;4;0.0292;VITPYRID
292;7.76;4;0.3104;WATER
292;2;4;0;ZN
326;0;25;0;ALC
326;2.8;25;0.7;ASH
326;15;25;3;CA
326;406.5;25;101.625;CAROTENS
326;33.7;25;8.425;CARTB
326;0.77;25;0.1925;CHOAVL
326;7.47;25;1.8675;CHOCDF
326;0;25;0;CHOLE
326;0.21;25;0.0525;CU
326;829.2;25;207.3;ENERC
326;2624.42;25;656.105;F16D0T
326;11771.292;25;2942.823;F18D1T
326;1445.744;25;361.436;F18D2CN6
326;124.408;25;31.102;F18D3N3
326;0;25;0;F20D4N6
326;0;25;0;F20D5N3
326;0;25;0;F22D6N3
326;17.7201;25;4.430025;FACIDCTG
326;16.9408;25;4.2352;FAFRE
326;12.6375;25;3.159375;FAMCIS
326;1.5702;25;0.39255;FAPU
326;0.1244;25;0.0311;FAPUN3
326;1.4457;25;0.361425;FAPUN6
326;0.1087;25;0.027175;FAS18
326;2.7331;25;0.683275;FASAT
326;19.4;25;4.85;FAT
326;0;25;0;FATRN
326;0;25;0;FD
326;0.5;25;0.125;FE
326;6.7;25;1.675;FIBC
326;2;25;0;FIBINS
326;3.6;25;0.9;FIBT
326;11;25;2;FOL
326;0.12;25;0.03;FRUS
326;0.1;25;0.025;GALS
326;0.37;25;0.0925;GLUS
326;1.41;25;0.3525;ID
326;400;25;100;K
326;0;25;0;LACS
326;0;25;0;MALS
326;29;25;7;MG
326;0.14;25;0.035;MN
326;0;25;0;MO
326;0;25;0;MYRIC
326;6;25;1;NA
326;15.29;25;3.8225;NACL
326;1.1;25;0.275;NIA
326;1.467;25;0.36675;NIAEQ
326;0.42;25;0.105;NT
326;31;25;7;P
326;2.63;25;0.6575;PROT
326;1.6;25;0.4;PSACNCS
326;0;25;0;QUERCE
326;0;25;0;RETOL
326;0.16;25;0.04;RIBF
326;0.4;25;0.1;SE
326;0.11;25;0.0275;STARCH
326;75.3;25;18.825;STERT
326;0.06;25;0.015;SUCS
326;0.66;25;0.165;SUGAR
326;0;25;0;SUGOH
326;0.07;25;0.0175;THIA
326;22;25;5;TRP
326;5.16;25;1.29;VITA
326;0;25;0;VITB12
326;10.2;25;2.55;VITC
326;0;25;0;VITD
326;2.07;25;0.5175;VITE
326;20;25;5;VITK
326;0.42;25;0.105;VITPYRID
326;67.7;25;16.925;WATER
326;0;25;0;ZN
351;0;37,25;0;ALC
351;0.4;37,25;0.148;ASH
351;14.7;37,25;5.439;CA
351;612.3;37,25;226.551;CAROTENS
351;131.5;37,25;48.655;CARTB
351;1.4;37,25;0.518;CHOAVL
351;3.812;37,25;1.41044;CHOCDF
351;0;37,25;0;CHOLE
351;0.3;37,25;0.111;CR
351;0.027;37,25;0.00999;CU
351;47.27;37,25;17.4899;ENERC
351;14.493;37,25;5.36241;F16D0T
351;1.297;37,25;0.47989;F18D1T
351;14.953;37,25;5.53261;F18D2CN6
351;26.217;37,25;9.70029;F18D3N3
351;0;37,25;0;F20D4N6
351;0;37,25;0;F20D5N3
351;0;37,25;0;F22D6N3
351;0.0641;37,25;0.023717;FACIDCTG
351;0.0613;37,25;0.022681;FAFRE
351;0.0019;37,25;0.000703;FAMCIS
351;0.0412;37,25;0.015244;FAPU
351;0.0262;37,25;0.009694;FAPUN3
351;0.015;37,25;0.00555;FAPUN6
351;0.0017;37,25;0.000629;FAS18
351;0.0182;37,25;0.006734;FASAT
351;0.1;37,25;0.037;FAT
351;0;37,25;0;FATRN
351;0.005;37,25;0.00185;FD
351;0.18;37,25;0.0666;FE
351;0.7;37,25;0.259;FIBC
351;0.7;37,25;0.259;FIBINS
351;1.1;37,25;0.407;FIBT
351;9.65;37,25;3.5705;FOL
351;0.7;37,25;0.259;FRUS
351;0.7;37,25;0.259;GLUS
351;1;37,25;0;ID
351;221.8;37,25;82.066;K
351;0;37,25;0;LACS
351;0;37,25;0;MALS
351;8.77;37,25;3.2449;MG
351;0.1;37,25;0.037;MN
351;0.005;37,25;0.00185;MO
351;50;37,25;18;MYRIC
351;2.4;37,25;0.888;NA
351;6.14;37,25;2.2718;NACL
351;0.2;37,25;0.074;NIA
351;0.367;37,25;0.13579;NIAEQ
351;0.1;37,25;0.037;NT
351;0.24;37,25;0.0888;OA
351;29.3;37,25;10.841;P
351;0.65;37,25;0.2405;PROT
351;0.4;37,25;0.148;PSACNCS
351;50;37,25;18;QUERCE
351;0;37,25;0;RETOL
351;0.09;37,25;0.0333;RIBF
351;0.5;37,25;0.185;SE
351;0;37,25;0;STARCH
351;7.8;37,25;2.886;STERT
351;0;37,25;0;SUCS
351;1.4;37,25;0.518;SUGAR
351;0;37,25;0;SUGOH
351;0.04;37,25;0.0148;THIA
351;10;37,25;3;TRP
351;11.25;37,25;4.1625;VITA
351;0;37,25;0;VITB12
351;8;37,25;2;VITC
351;0;37,25;0;VITD
351;0.04;37,25;0.0148;VITE
351;15;37,25;5;VITK
351;0.04;37,25;0.0148;VITPYRID
351;95;37,25;35;WATER
351;0.09;37,25;0.0333;ZN
353;0;34;0;ALC
353;1.923;34;0.65382;ASH
353;23.78;34;8.0852;CA
353;108.7;34;36.958;CAROTENS
353;2.44;34;0.8296;CARTB
353;45.694;34;15.53596;CHOAVL
353;49.362;34;16.78308;CHOCDF
353;0;34;0;CHOLE
353;1.06;34;0.3604;CR
353;0.2252;34;0.076568;CU
353;965.76;34;328.3584;ENERC
353;277.251;34;94.26534;F16D0T
353;469.158;34;159.51372;F18D1T
353;802.209;34;272.75106;F18D2CN6
353;44.053;34;14.97802;F18D3N3
353;0;34;0;F20D4N6
353;0;34;0;F20D5N3
353;0;34;0;F22D6N3
353;1.722;34;0.58548;FACIDCTG
353;1.653;34;0.56202;FAFRE
353;0.4983;34;0.169422;FAMCIS
353;0.846;34;0.28764;FAPU
353;0.0441;34;0.014994;FAPUN3
353;0.802;34;0.27268;FAPUN6
353;0.0209;34;0.007106;FAS18
353;0.3084;34;0.104856;FASAT
353;2.085;34;0.7089;FAT
353;0;34;0;FATRN
353;0.043;34;0.01462;FD
353;1.804;34;0.61336;FE
353;4.231;34;1.43854;FIBC
353;3.08;34;1.0472;FIBINS
353;3.795;34;1.2903;FIBT
353;37.38;34;12.7092;FOL
353;0.034;34;0.01156;FRUS
353;0;34;0;GALS
353;0.119;34;0.04046;GLUS
353;8.13;34;2.7642;ID
353;200.66;34;68.2244;K
353;0;34;0;LACS
353;0.47;34;0.1598;MALS
353;55.571;34;18.89414;MG
353;1.3532;34;0.460088;MN
353;0.0082;34;0.002788;MO
353;0;34;0;MYRIC
353;454.49;34;154.5266;NA
353;1158.04;34;393.7336;NACL
353;2.009;34;0.68306;NIA
353;3.708;34;1.26072;NIAEQ
353;1.429;34;0.48586;NT
353;0;34;0;OA
353;185.7;34;63.138;P
353;8.9;34;3.026;PROT
353;0.71;34;0.2414;PSACNCS
353;0;34;0;QUERCE
353;0;34;0;RETOL
353;0.098;34;0.03332;RIBF
353;7.547;34;2.56598;SE
353;44.63;34;15.1742;STARCH
353;39.31;34;13.3654;STERT
353;0.432;34;0.14688;SUCS
353;1.059;34;0.36006;SUGAR
353;0;34;0;SUGOH
353;0.1988;34;0.067592;THIA
353;125.8;34;42.772;TRP
353;0.203;34;0.06902;VITA
353;0;34;0;VITB12
353;0;34;0;VITC
353;0;34;0;VITD
353;0.76;34;0.2584;VITE
353;1.11;34;0.3774;VITK
353;0.09;34;0.0306;VITPYRID
353;41.53;34;14.1202;WATER
353;1.506;34;0.51204;ZN
374;0;4;0;ALC
374;1.559;4;0.06236;ASH
374;12.71;4;0.5084;CA
374;256.2;4;10.248;CAROTENS
374;256.2;4;10.248;CARTB
374;0.9;4;0.036;CHOAVL
374;0.9;4;0.036;CHOCDF
374;130;4;5;CHOLE
374;3.37;4;0.1348;CR
374;0.012;4;0.00048;CU
374;2796.08;4;111.8432;ENERC
374;12688.465;4;507.5386;F16D0T
374;20668.983;4;826.75932;F18D1T
374;4999.4;4;199.976;F18D2CN6
374;2377.146;4;95.08584;F18D3N3
374;0;4;0;F20D4N6
374;0;4;0;F20D5N3
374;0;4;0;F22D6N3
374;77.329;4;3.09316;FACIDCTG
374;73.928;4;2.95712;FAFRE
374;22.5549;4;0.902196;FAMCIS
374;8.043;4;0.32172;FAPU
374;2.3772;4;0.095088;FAPUN3
374;5.128;4;0.20512;FAPUN6
374;5.2447;4;0.209788;FAS18
374;30.7535;4;1.23014;FASAT
374;75;4;3;FAT
374;1.1051;4;0.044204;FATRN
374;0.003;4;0.00012;FD
374;0.105;4;0.0042;FE
374;0;4;0;FIBC
374;0;4;0;FIBINS
374;0;4;0;FIBT
374;1.68;4;0.0672;FOL
374;0;4;0;FRUS
374;0.2;4;0.008;GALS
374;0.2;4;0.008;GLUS
374;21.24;4;0.8496;ID
374;8.84;4;0.3536;K
374;0.5;4;0.02;LACS
374;0;4;0;MALS
374;3.02;4;0.1208;MG
374;0.0058;4;0.000232;MN
374;0;4;0;MO
374;0;4;0;MYRIC
374;600;4;24;NA
374;1528.8;4;61.152;NACL
374;0;4;0;NIA
374;0.056;4;0.00224;NIAEQ
374;0.046;4;0.00184;NT
374;0;4;0;OA
374;14.4;4;0.576;P
374;0.34;4;0.0136;PROT
374;0;4;0;PSACNCS
374;0;4;0;QUERCE
374;398.7354;4;15.949416;RETOL
374;0.017;4;0.00068;RIBF
374;0.297;4;0.01188;SE
374;0;4;0;STARCH
374;139.1;4;5.564;STERT
374;0;4;0;SUCS
374;0.9;4;0.036;SUGAR
374;0;4;0;SUGOH
374;0;4;0;THIA
374;3.4;4;0.136;TRP
374;420;4;16;VITA
374;0;4;0;VITB12
374;0;4;0;VITC
374;10;4;0;VITD
374;4.638;4;0.18552;VITE
374;40.557;4;1.62228;VITK
374;0;4;0;VITPYRID
374;22.2;4;0.888;WATER
374;0.046;4;0.00184;ZN
375;0;9;0;ALC
375;0;9;0;ASH
375;0;9;0;CA
375;24.6;9;2.214;CAROTENS
375;24.6;9;2.214;CARTB
375;0;9;0;CHOAVL
375;0;9;0;CHOCDF
375;0;9;0;CHOLE
375;0;9;0;CR
375;0;9;0;CU
375;3700;9;333;ENERC
375;11426.111;9;1028.34999;F16D0T
375;67376.25;9;6063.8625;F18D1T
375;10366.56;9;932.9904;F18D2CN6
375;543.505;9;48.91545;F18D3N3
375;0;9;0;F20D4N6
375;0;9;0;F20D5N3
375;0;9;0;F22D6N3
375;97.62;9;8.7858;FACIDCTG
375;93.3271;9;8.399439;FAFRE
375;68.3845;9;6.154605;FAMCIS
375;10.9301;9;0.983709;FAPU
375;0.5435;9;0.048915;FAPUN3
375;10.3666;9;0.932994;FAPUN6
375;2.436;9;0.21924;FAS18
375;14.0125;9;1.261125;FASAT
375;100;9;9;FAT
375;0;9;0;FATRN
375;0;9;0;FD
375;0;9;0;FE
375;0;9;0;FIBC
375;0;9;0;FIBINS
375;0;9;0;FIBT
375;0;9;0;FOL
375;0;9;0;FRUS
375;0;9;0;GLUS
375;0;9;0;ID
375;0;9;0;K
375;0;9;0;LACS
375;0;9;0;MALS
375;0;9;0;MG
375;0;9;0;MN
375;0;9;0;MO
375;0;9;0;MYRIC
375;0;9;0;NA
375;0;9;0;NACL
375;0;9;0;NIA
375;0;9;0;NIAEQ
375;0;9;0;NT
375;0;9;0;OA
375;0;9;0;P
375;0;9;0;PROT
375;0;9;0;PSACNCS
375;0;9;0;QUERCE
375;0;9;0;RETOL
375;0;9;0;RIBF
375;0;9;0;SE
375;0;9;0;STARCH
375;175;9;15;STERT
375;0;9;0;SUCS
375;0;9;0;SUGAR
375;0;9;0;SUGOH
375;0;9;0;THIA
375;0;9;0;TRP
375;2.04;9;0.1836;VITA
375;0;9;0;VITB12
375;0;9;0;VITC
375;0;9;0;VITD
375;11.91;9;1.0719;VITE
375;30;9;2;VITK
375;0;9;0;VITPYRID
375;0;9;0;WATER
375;0;9;0;ZN
380;0;28,25;0;ALC
380;1.1;28,25;0.308;ASH
380;9;28,25;2;CA
380;6196.2;28,25;1734.936;CAROTENS
380;2908;28,25;814;CARTB
380;4.5;28,25;1.26;CHOAVL
380;6.4;28,25;1.792;CHOCDF
380;0;28,25;0;CHOLE
380;0.01;28,25;0.0028;CU
380;118.78;28,25;33.2584;ENERC
380;25;28,25;7;F16D0T
380;2;28,25;0;F18D1T
380;45;28,25;12;F18D2CN6
380;25;28,25;7;F18D3N3
380;0;28,25;0;F20D4N6
380;0;28,25;0;F20D5N3
380;0;28,25;0;F22D6N3
380;0.106;28,25;0.02968;FACIDCTG
380;0.101;28,25;0.02828;FAFRE
380;0.004;28,25;0.00112;FAMCIS
380;0.07;28,25;0.0196;FAPU
380;0.025;28,25;0.007;FAPUN3
380;0.045;28,25;0.0126;FAPUN6
380;0.002;28,25;0.00056;FAS18
380;0.027;28,25;0.00756;FASAT
380;0.3;28,25;0.084;FAT
380;0;28,25;0;FATRN
380;0.6;28,25;0.168;FE
380;1.9;28,25;0.532;FIBC
380;1;28,25;0;FIBINS
380;1.9;28,25;0.532;FIBT
380;55.86;28,25;15.6408;FOL
380;2.1;28,25;0.588;FRUS
380;2.3;28,25;0.644;GLUS
380;1;28,25;0;ID
380;290;28,25;81;K
380;0;28,25;0;LACS
380;0;28,25;0;MALS
380;14;28,25;3;MG
380;0.1;28,25;0.028;MN
380;50;28,25;14;MYRIC
380;3.5;28,25;0.98;NA
380;8.92;28,25;2.4976;NACL
380;1.3;28,25;0.364;NIA
380;1.5;28,25;0.42;NIAEQ
380;0.15;28,25;0.042;NT
380;0;28,25;0;OA
380;30;28,25;8;P
380;0.94;28,25;0.2632;PROT
380;0.9;28,25;0.252;PSACNCS
380;760;28,25;212;QUERCE
380;0;28,25;0;RETOL
380;0.12;28,25;0.0336;RIBF
380;0.2;28,25;0.056;SE
380;0;28,25;0;STARCH
380;21.5;28,25;6.02;STERT
380;0.1;28,25;0.028;SUCS
380;4.5;28,25;1.26;SUGAR
380;0;28,25;0;SUGOH
380;0.04;28,25;0.0112;THIA
380;12;28,25;3;TRP
380;243.81;28,25;68.2668;VITA
380;0;28,25;0;VITB12
380;184.8;28,25;51.744;VITC
380;0;28,25;0;VITD
380;2.16;28,25;0.6048;VITE
380;4.6;28,25;1.288;VITK
380;0.45;28,25;0.126;VITPYRID
380;91.26;28,25;25.5528;WATER
380;0.1;28,25;0.028;ZN
382;0;34;0;ALC
382;2.216;34;0.75344;ASH
382;45.31;34;15.4054;CA
382;199.1;34;67.694;CAROTENS
382;8.77;34;2.9818;CARTB
382;45.007;34;15.30238;CHOAVL
382;53.913;34;18.33042;CHOCDF
382;0.09;34;0.0306;CHOLE
382;0.59;34;0.2006;CR
382;0.396;34;0.13464;CU
382;1284.54;34;436.7436;ENERC
382;681.142;34;231.58828;F16D0T
382;2187.209;34;743.65106;F18D1T
382;1864.914;34;634.07076;F18D2CN6
382;1125.321;34;382.60914;F18D3N3
382;0;34;0;F20D4N6
382;0;34;0;F20D5N3
382;0;34;0;F22D6N3
382;6.41;34;2.1794;FACIDCTG
382;6.154;34;2.09236;FAFRE
382;2.2423;34;0.762382;FAMCIS
382;3.006;34;1.02204;FAPU
382;1.1253;34;0.382602;FAPUN3
382;1.873;34;0.63682;FAPUN6
382;0.1785;34;0.06069;FAS18
382;0.906;34;0.30804;FASAT
382;6.696;34;2.27664;FAT
382;0;34;0;FATRN
382;0.023;34;0.00782;FD
382;2.357;34;0.80138;FE
382;8.015;34;2.7251;FIBC
382;2.38;34;0.8092;FIBINS
382;7.86;34;2.6724;FIBT
382;39.6;34;13.464;FOL
382;0.129;34;0.04386;FRUS
382;0;34;0;GALS
382;0.104;34;0.03536;GLUS
382;5.23;34;1.7782;ID
382;366.95;34;124.763;K
382;0;34;0;LACS
382;0.03;34;0.0102;MALS
382;68.378;34;23.24852;MG
382;0.8307;34;0.282438;MN
382;0.0054;34;0.001836;MO
382;0;34;0;MYRIC
382;467.35;34;158.899;NA
382;1190.8;34;404.872;NACL
382;1.102;34;0.37468;NIA
382;3.144;34;1.06896;NIAEQ
382;1.755;34;0.5967;NT
382;0;34;0;OA
382;167.6;34;56.984;P
382;12.21;34;4.1514;PROT
382;1.05;34;0.357;PSACNCS
382;0;34;0;QUERCE
382;0;34;0;RETOL
382;0.078;34;0.02652;RIBF
382;5.872;34;1.99648;SE
382;41.17;34;13.9978;STARCH
382;56.09;34;19.0706;STERT
382;2.714;34;0.92276;SUCS
382;3.838;34;1.30492;SUGAR
382;0;34;0;SUGOH
382;0.1907;34;0.064838;THIA
382;143.2;34;48.688;TRP
382;0.847;34;0.28798;VITA
382;0;34;0;VITB12
382;0.02;34;0.0068;VITC
382;0;34;0;VITD
382;1.45;34;0.493;VITE
382;3.448;34;1.17232;VITK
382;0.18;34;0.0612;VITPYRID
382;25.18;34;8.5612;WATER
382;1.368;34;0.46512;ZN
388;0;11;0;ALC
388;0.841;11;0.09251;ASH
388;21.27;11;2.3397;CA
388;74;11;8;CAROTENS
388;1.45;11;0.1595;CARTB
388;63.881;11;7.02691;CHOAVL
388;65.553;11;7.21083;CHOCDF
388;0.5;11;0.055;CHOLE
388;1.53;11;0.1683;CR
388;0.1137;11;0.012507;CU
388;1753.19;11;192.8509;ENERC
388;2560.269;11;281.62959;F16D0T
388;5420.446;11;596.24906;F18D1T
388;1876.329;11;206.39619;F18D2CN6
388;449.629;11;49.45919;F18D3N3
388;0;11;0;F20D4N6
388;0;11;0;F20D5N3
388;0;11;0;F22D6N3
388;15.451;11;1.69961;FACIDCTG
388;14.771;11;1.62481;FAFRE
388;5.5711;11;0.612821;FAMCIS
388;2.343;11;0.25773;FAPU
388;0.4496;11;0.049456;FAPUN3
388;1.885;11;0.20735;FAPUN6
388;2.9635;11;0.325985;FAS18
388;6.5568;11;0.721248;FASAT
388;15.495;11;1.70445;FAT
388;0.3006;11;0.033066;FATRN
388;0.041;11;0.00451;FD
388;0.95;11;0.1045;FE
388;2.057;11;0.22627;FIBC
388;0.98;11;0.1078;FIBINS
388;1.314;11;0.14454;FIBT
388;5.07;11;0.5577;FOL
388;4.09;11;0.4499;FRUS
388;0;11;0;GALS
388;4.515;11;0.49665;GLUS
388;5.84;11;0.6424;ID
388;101.46;11;11.1606;K
388;0;11;0;LACS
388;0;11;0;MALS
388;14.955;11;1.64505;MG
388;0.246;11;0.02706;MN
388;0.0079;11;0.000869;MO
388;0;11;0;MYRIC
388;143.4;11;15.774;NA
388;365.38;11;40.1918;NACL
388;0.338;11;0.03718;NIA
388;1.038;11;0.11418;NIAEQ
388;0.638;11;0.07018;NT
388;0;11;0;OA
388;38.1;11;4.191;P
388;4.56;11;0.5016;PROT
388;0.34;11;0.0374;PSACNCS
388;0;11;0;QUERCE
388;0;11;0;RETOL
388;0.02;11;0.0022;RIBF
388;3.207;11;0.35277;SE
388;26.13;11;2.8743;STARCH
388;77.14;11;8.4854;STERT
388;28.232;11;3.10552;SUCS
388;36.836;11;4.05196;SUGAR
388;0;11;0;SUGOH
388;0.024;11;0.00264;THIA
388;48.8;11;5.368;TRP
388;0.122;11;0.01342;VITA
388;0;11;0;VITB12
388;0;11;0;VITC
388;0;11;0;VITD
388;1.477;11;0.16247;VITE
388;9.626;11;1.05886;VITK
388;0.04;11;0.0044;VITPYRID
388;13.55;11;1.4905;WATER
388;0.336;11;0.03696;ZN
405;0;54;0;ALC
405;0.294;54;0.15876;ASH
405;17.99;54;9.7146;CA
405;38;54;20;CAROTENS
405;6.85;54;3.699;CARTB
405;16.536;54;8.92944;CHOAVL
405;17.816;54;9.62064;CHOCDF
405;0;54;0;CHOLE
405;0.95;54;0.513;CR
405;0.0523;54;0.028242;CU
405;329.49;54;177.9246;ENERC
405;18.757;54;10.12878;F16D0T
405;21.245;54;11.4723;F18D1T
405;54.633;54;29.50182;F18D2CN6
405;54.889;54;29.64006;F18D3N3
405;0;54;0;F20D4N6
405;0;54;0;F20D5N3
405;0;54;0;F22D6N3
405;0.163;54;0.08802;FACIDCTG
405;0.156;54;0.08424;FAFRE
405;0.0216;54;0.011664;FAMCIS
405;0.11;54;0.0594;FAPU
405;0.0549;54;0.029646;FAPUN3
405;0.055;54;0.0297;FAPUN6
405;0.0023;54;0.001242;FAS18
405;0.0249;54;0.013446;FASAT
405;0.268;54;0.14472;FAT
405;0;54;0;FATRN
405;0.014;54;0.00756;FD
405;0.433;54;0.23382;FE
405;1.624;54;0.87696;FIBC
405;1.28;54;0.6912;FIBINS
405;2.052;54;1.10808;FIBT
405;17.9;54;9.666;FOL
405;2.547;54;1.37538;FRUS
405;0;54;0;GALS
405;2.237;54;1.20798;GLUS
405;1.35;54;0.729;ID
405;162.65;54;87.831;K
405;0;54;0;LACS
405;0.04;54;0.0216;MALS
405;12.835;54;6.9309;MG
405;0.3686;54;0.199044;MN
405;0.0053;54;0.002862;MO
405;42.75;54;23.085;MYRIC
405;1.72;54;0.9288;NA
405;4.38;54;2.3652;NACL
405;0.513;54;0.27702;NIA
405;0.49;54;0.2646;NIAEQ
405;0.082;54;0.04428;NT
405;1.368;54;0.73872;OA
405;25.7;54;13.878;P
405;0.45;54;0.243;PROT
405;0.77;54;0.4158;PSACNCS
405;598.5;54;323.19;QUERCE
405;0;54;0;RETOL
405;0.016;54;0.00864;RIBF
405;0.137;54;0.07398;SE
405;0.54;54;0.2916;STARCH
405;8.55;54;4.617;STERT
405;11.169;54;6.03126;SUCS
405;15.996;54;8.63784;SUGAR
405;0;54;0;SUGOH
405;0.0218;54;0.011772;THIA
405;6;54;3;TRP
405;0.731;54;0.39474;VITA
405;0;54;0;VITB12
405;25.34;54;13.6836;VITC
405;0;54;0;VITD
405;0.479;54;0.25866;VITE
405;4.702;54;2.53908;VITK
405;0.05;54;0.027;VITPYRID
405;76.67;54;41.4018;WATER
405;0.086;54;0.04644;ZN
406;0;6;0;ALC
406;0.972;6;0.05832;ASH
406;67.99;6;4.0794;CA
406;5.6;6;0.336;CAROTENS
406;5.46;6;0.3276;CARTB
406;66.322;6;3.97932;CHOAVL
406;66.502;6;3.99012;CHOCDF
406;6.01;6;0.3606;CHOLE
406;0.45;6;0.027;CR
406;0.0102;6;0.000612;CU
406;1972.04;6;118.3224;ENERC
406;9006.114;6;540.36684;F16D0T
406;7758.27;6;465.4962;F18D1T
406;1768.622;6;106.11732;F18D2CN6
406;49.846;6;2.99076;F18D3N3
406;0.71;6;0.0426;F20D4N6
406;0;6;0;F20D5N3
406;0;6;0;F22D6N3
406;21.69;6;1.3014;FACIDCTG
406;20.736;6;1.24416;FAFRE
406;7.885;6;0.4731;FAMCIS
406;1.829;6;0.10974;FAPU
406;0.0499;6;0.002994;FAPUN3
406;1.77;6;0.1062;FAPUN6
406;1.4821;6;0.088926;FAS18
406;10.9796;6;0.658776;FASAT
406;21.827;6;1.30962;FAT
406;0.0427;6;0.002562;FATRN
406;0.023;6;0.00138;FD
406;0.296;6;0.01776;FE
406;0.18;6;0.0108;FIBC
406;0.13;6;0.0078;FIBINS
406;0.18;6;0.0108;FIBT
406;3.75;6;0.225;FOL
406;0;6;0;FRUS
406;0;6;0;GALS
406;5.328;6;0.31968;GLUS
406;8.45;6;0.507;ID
406;140.72;6;8.4432;K
406;3.214;6;0.19284;LACS
406;3.92;6;0.2352;MALS
406;13.226;6;0.79356;MG
406;0.0067;6;0.000402;MN
406;0.0053;6;0.000318;MO
406;0;6;0;MYRIC
406;100;6;6;NA
406;254.8;6;15.288;NACL
406;0.068;6;0.00408;NIA
406;0.532;6;0.03192;NIAEQ
406;0.37;6;0.0222;NT
406;0.001;6;6.0e-05;OA
406;62;6;3;P
406;2.09;6;0.1254;PROT
406;0.05;6;0.003;PSACNCS
406;250;6;15;QUERCE
406;10.59;6;0.6354;RETOL
406;0.116;6;0.00696;RIBF
406;1.552;6;0.09312;SE
406;0.06;6;0.0036;STARCH
406;22.96;6;1.3776;STERT
406;34.965;6;2.0979;SUCS
406;53;6;3;SUGAR
406;0;6;0;SUGOH
406;0.0229;6;0.001374;THIA
406;27.8;6;1.668;TRP
406;11.039;6;0.66234;VITA
406;0.16;6;0.0096;VITB12
406;0.52;6;0.0312;VITC
406;0.011;6;0.00066;VITD
406;1.18;6;0.0708;VITE
406;1.86;6;0.1116;VITK
406;0.04;6;0.0024;VITPYRID
406;8.63;6;0.5178;WATER
406;0.244;6;0.01464;ZN
407;0;7;0;ALC
407;0.972;7;0.06804;ASH
407;67.99;7;4.7593;CA
407;5.6;7;0.392;CAROTENS
407;5.46;7;0.3822;CARTB
407;66.322;7;4.64254;CHOAVL
407;66.502;7;4.65514;CHOCDF
407;6.01;7;0.4207;CHOLE
407;0.45;7;0.0315;CR
407;0.0102;7;0.000714;CU
407;1972.04;7;138.0428;ENERC
407;9006.114;7;630.42798;F16D0T
407;7758.27;7;543.0789;F18D1T
407;1768.622;7;123.80354;F18D2CN6
407;49.846;7;3.48922;F18D3N3
407;0.71;7;0.0497;F20D4N6
407;0;7;0;F20D5N3
407;0;7;0;F22D6N3
407;21.69;7;1.5183;FACIDCTG
407;20.736;7;1.45152;FAFRE
407;7.885;7;0.55195;FAMCIS
407;1.829;7;0.12803;FAPU
407;0.0499;7;0.003493;FAPUN3
407;1.77;7;0.1239;FAPUN6
407;1.4821;7;0.103747;FAS18
407;10.9796;7;0.768572;FASAT
407;21.827;7;1.52789;FAT
407;0.0427;7;0.002989;FATRN
407;0.023;7;0.00161;FD
407;0.296;7;0.02072;FE
407;0.18;7;0.0126;FIBC
407;0.13;7;0.0091;FIBINS
407;0.18;7;0.0126;FIBT
407;3.75;7;0.2625;FOL
407;0;7;0;FRUS
407;0;7;0;GALS
407;5.328;7;0.37296;GLUS
407;8.45;7;0.5915;ID
407;140.72;7;9.8504;K
407;3.214;7;0.22498;LACS
407;3.92;7;0.2744;MALS
407;13.226;7;0.92582;MG
407;0.0067;7;0.000469;MN
407;0.0053;7;0.000371;MO
407;0;7;0;MYRIC
407;100;7;7;NA
407;254.8;7;17.836;NACL
407;0.068;7;0.00476;NIA
407;0.532;7;0.03724;NIAEQ
407;0.37;7;0.0259;NT
407;0.001;7;7.0e-05;OA
407;62;7;4;P
407;2.09;7;0.1463;PROT
407;0.05;7;0.0035;PSACNCS
407;250;7;17;QUERCE
407;10.59;7;0.7413;RETOL
407;0.116;7;0.00812;RIBF
407;1.552;7;0.10864;SE
407;0.06;7;0.0042;STARCH
407;22.96;7;1.6072;STERT
407;34.965;7;2.44755;SUCS
407;53;7;3;SUGAR
407;0;7;0;SUGOH
407;0.0229;7;0.001603;THIA
407;27.8;7;1.946;TRP
407;11.039;7;0.77273;VITA
407;0.16;7;0.0112;VITB12
407;0.52;7;0.0364;VITC
407;0.011;7;0.00077;VITD
407;1.18;7;0.0826;VITE
407;1.86;7;0.1302;VITK
407;0.04;7;0.0028;VITPYRID
407;8.63;7;0.6041;WATER
407;0.244;7;0.01708;ZN
408;0;7;0;ALC
408;2.1;7;0.147;ASH
408;400;7;28;CA
408;49.8;7;3.486;CAROTENS
408;46;7;3;CARTB
408;50;7;3;CHOAVL
408;52.775;7;3.69425;CHOCDF
408;6.1;7;0.427;CHOLE
408;1.4;7;0.098;CR
408;0.139;7;0.00973;CU
408;2261.13;7;158.2791;ENERC
408;7106.607;7;497.46249;F16D0T
408;8802.423;7;616.16961;F18D1T
408;842.146;7;58.95022;F18D2CN6
408;67.886;7;4.75202;F18D3N3
408;0;7;0;F20D4N6
408;0;7;0;F20D5N3
408;0;7;0;F22D6N3
408;28.2399;7;1.976793;FACIDCTG
408;26.998;7;1.88986;FAFRE
408;9.0085;7;0.630595;FAMCIS
408;0.91;7;0.0637;FAPU
408;0.0679;7;0.004753;FAPUN3
408;0.8421;7;0.058947;FAPUN6
408;8.2268;7;0.575876;FAS18
408;17.0345;7;1.192415;FASAT
408;33;7;2;FAT
408;0.0449;7;0.003143;FATRN
408;0.04;7;0.0028;FD
408;2;7;0;FE
408;1.6;7;0.112;FIBC
408;1.21;7;0.0847;FIBINS
408;1.61;7;0.1127;FIBT
408;7;7;0;FOL
408;0;7;0;FRUS
408;0;7;0;GALS
408;0;7;0;GLUS
408;39;7;2;ID
408;450;7;31;K
408;10;7;0;LACS
408;0;7;0;MALS
408;60;7;4;MG
408;0.024;7;0.00168;MN
408;0.014;7;0.00098;MO
408;0;7;0;MYRIC
408;100;7;7;NA
408;254.8;7;17.836;NACL
408;0.4;7;0.028;NIA
408;2.571;7;0.17997;NIAEQ
408;1.62;7;0.1134;NT
408;0.4;7;0.028;OA
408;300;7;21;P
408;10.13;7;0.7091;PROT
408;0.4;7;0.028;PSACNCS
408;5000;7;350;QUERCE
408;100;7;7;RETOL
408;0.49;7;0.0343;RIBF
408;4;7;0;SE
408;0;7;0;STARCH
408;83.7;7;5.859;STERT
408;40;7;2;SUCS
408;50;7;3;SUGAR
408;0;7;0;SUGOH
408;0.07;7;0.0049;THIA
408;130;7;9;TRP
408;103.82;7;7.2674;VITA
408;0;7;0;VITB12
408;0;7;0;VITC
408;0;7;0;VITD
408;0.48;7;0.0336;VITE
408;1.1;7;0.077;VITK
408;0.08;7;0.0056;VITPYRID
408;2;7;0;WATER
408;1.538;7;0.10766;ZN
409;0;7;0;ALC
409;2.1;7;0.147;ASH
409;400;7;28;CA
409;49.8;7;3.486;CAROTENS
409;46;7;3;CARTB
409;50;7;3;CHOAVL
409;52.775;7;3.69425;CHOCDF
409;6.1;7;0.427;CHOLE
409;1.4;7;0.098;CR
409;0.139;7;0.00973;CU
409;2261.13;7;158.2791;ENERC
409;7106.607;7;497.46249;F16D0T
409;8802.423;7;616.16961;F18D1T
409;842.146;7;58.95022;F18D2CN6
409;67.886;7;4.75202;F18D3N3
409;0;7;0;F20D4N6
409;0;7;0;F20D5N3
409;0;7;0;F22D6N3
409;28.2399;7;1.976793;FACIDCTG
409;26.998;7;1.88986;FAFRE
409;9.0085;7;0.630595;FAMCIS
409;0.91;7;0.0637;FAPU
409;0.0679;7;0.004753;FAPUN3
409;0.8421;7;0.058947;FAPUN6
409;8.2268;7;0.575876;FAS18
409;17.0345;7;1.192415;FASAT
409;33;7;2;FAT
409;0.0449;7;0.003143;FATRN
409;0.04;7;0.0028;FD
409;2;7;0;FE
409;1.6;7;0.112;FIBC
409;1.21;7;0.0847;FIBINS
409;1.61;7;0.1127;FIBT
409;7;7;0;FOL
409;0;7;0;FRUS
409;0;7;0;GALS
409;0;7;0;GLUS
409;39;7;2;ID
409;450;7;31;K
409;10;7;0;LACS
409;0;7;0;MALS
409;60;7;4;MG
409;0.024;7;0.00168;MN
409;0.014;7;0.00098;MO
409;0;7;0;MYRIC
409;100;7;7;NA
409;254.8;7;17.836;NACL
409;0.4;7;0.028;NIA
409;2.571;7;0.17997;NIAEQ
409;1.62;7;0.1134;NT
409;0.4;7;0.028;OA
409;300;7;21;P
409;10.13;7;0.7091;PROT
409;0.4;7;0.028;PSACNCS
409;5000;7;350;QUERCE
409;100;7;7;RETOL
409;0.49;7;0.0343;RIBF
409;4;7;0;SE
409;0;7;0;STARCH
409;83.7;7;5.859;STERT
409;40;7;2;SUCS
409;50;7;3;SUGAR
409;0;7;0;SUGOH
409;0.07;7;0.0049;THIA
409;130;7;9;TRP
409;103.82;7;7.2674;VITA
409;0;7;0;VITB12
409;0;7;0;VITC
409;0;7;0;VITD
409;0.48;7;0.0336;VITE
409;1.1;7;0.077;VITK
409;0.08;7;0.0056;VITPYRID
409;2;7;0;WATER
409;1.538;7;0.10766;ZN
416;0;37,75;0;ALC
416;0.5;37,75;0.185;ASH
416;8.64;37,75;3.1968;CA
416;4106.2;37,75;1519.294;CAROTENS
416;662.2;37,75;245.014;CARTB
416;3.45;37,75;1.2765;CHOAVL
416;4.749;37,75;1.75713;CHOCDF
416;0.3;37,75;0.111;CHOLE
416;0.5;37,75;0.185;CR
416;0.033;37,75;0.01221;CU
416;95.11;37,75;35.1907;ENERC
416;26.405;37,75;9.76985;F16D0T
416;26.744;37,75;9.89528;F18D1T
416;83.138;37,75;30.76106;F18D2CN6
416;7.277;37,75;2.69249;F18D3N3
416;0;37,75;0;F20D4N6
416;0;37,75;0;F20D5N3
416;0;37,75;0;F22D6N3
416;0.1614;37,75;0.059718;FACIDCTG
416;0.1543;37,75;0.057091;FAFRE
416;0.027;37,75;0.00999;FAMCIS
416;0.091;37,75;0.03367;FAPU
416;0.0073;37,75;0.002701;FAPUN3
416;0.0831;37,75;0.030747;FAPUN6
416;0.0076;37,75;0.002812;FAS18
416;0.0363;37,75;0.013431;FASAT
416;0.3;37,75;0.111;FAT
416;0;37,75;0;FATRN
416;0.01;37,75;0.0037;FD
416;0.19;37,75;0.0703;FE
416;1.4;37,75;0.518;FIBC
416;0.2;37,75;0.074;FIBINS
416;0.4;37,75;0.148;FIBT
416;11.57;37,75;4.2809;FOL
416;2;37,75;0;FRUS
416;1.3;37,75;0.481;GLUS
416;1;37,75;0;ID
416;237.1;37,75;87.727;K
416;0;37,75;0;LACS
416;0;37,75;0;MALS
416;8.27;37,75;3.0599;MG
416;0.11;37,75;0.0407;MN
416;0.01;37,75;0.0037;MO
416;50;37,75;18;MYRIC
416;2.2;37,75;0.814;NA
416;5.54;37,75;2.0498;NACL
416;0.7;37,75;0.259;NIA
416;0.85;37,75;0.3145;NIAEQ
416;0.09;37,75;0.0333;NT
416;0.37;37,75;0.1369;OA
416;25.9;37,75;9.583;P
416;0.55;37,75;0.2035;PROT
416;0.2;37,75;0.074;PSACNCS
416;0.37;37,75;0.1369;QUERCE
416;0;37,75;0;RETOL
416;0.04;37,75;0.0148;RIBF
416;0.5;37,75;0.185;SE
416;0.1;37,75;0.037;STARCH
416;7.4;37,75;2.738;STERT
416;0.05;37,75;0.0185;SUCS
416;3.35;37,75;1.2395;SUGAR
416;0;37,75;0;SUGOH
416;0.06;37,75;0.0222;THIA
416;9;37,75;3;TRP
416;66.76;37,75;24.7012;VITA
416;0;37,75;0;VITB12
416;14.1;37,75;5.217;VITC
416;0;37,75;0;VITD
416;0.66;37,75;0.2442;VITE
416;5;37,75;1;VITK
416;0.08;37,75;0.0296;VITPYRID
416;93.9;37,75;34.743;WATER
416;0.09;37,75;0.0333;ZN
419;0;54;0;ALC
419;0.94;54;0.5076;ASH
419;146;54;78;CA
419;53;54;28;CAROTENS
419;53;54;28;CARTB
419;17.32;54;9.3528;CHOAVL
419;18.12;54;9.7848;CHOCDF
419;30;54;16;CHOLE
419;2;54;1;CR
419;0.009;54;0.00486;CU
419;805.42;54;434.9268;ENERC
419;2843.238;54;1535.34852;F16D0T
419;2463.327;54;1330.19658;F18D1T
419;152.266;54;82.22364;F18D2CN6
419;51.882;54;28.01628;F18D3N3
419;0;54;0;F20D4N6
419;0;54;0;F20D5N3
419;0;54;0;F22D6N3
419;11.343;54;6.12522;FACIDCTG
419;10.844;54;5.85576;FAFRE
419;2.8168;54;1.521072;FAMCIS
419;0.3146;54;0.169884;FAPU
419;0.0519;54;0.028026;FAPUN3
419;0.182;54;0.09828;FAPUN6
419;1.4715;54;0.79461;FAS18
419;7.2852;54;3.934008;FASAT
419;12;54;6;FAT
419;0.4279;54;0.231066;FATRN
419;0.03;54;0.0162;FD
419;0.07;54;0.0378;FE
419;0;54;0;FIBC
419;0;54;0;FIBINS
419;0;54;0;FIBT
419;2;54;1;FOL
419;0;54;0;FRUS
419;0;54;0;GALS
419;0;54;0;GLUS
419;17;54;9;ID
419;190;54;102;K
419;5.32;54;2.8728;LACS
419;0;54;0;MALS
419;14;54;7;MG
419;0.01;54;0.0054;MN
419;0.01;54;0.0054;MO
419;44;54;23;NA
419;112.11;54;60.5394;NACL
419;0.1;54;0.054;NIA
419;0.952;54;0.51408;NIAEQ
419;0.63;54;0.3402;NT
419;120;54;64;P
419;3.94;54;2.1276;PROT
419;0;54;0;PSACNCS
419;107.93;54;58.2822;RETOL
419;0.23;54;0.1242;RIBF
419;3.5;54;1.89;SE
419;0;54;0;STARCH
419;0;54;0;STERT
419;12;54;6;SUCS
419;17.32;54;9.3528;SUGAR
419;0.04;54;0.0216;THIA
419;51;54;27;TRP
419;112.33;54;60.6582;VITA
419;0.5;54;0.27;VITB12
419;1.3;54;0.702;VITC
419;0.07;54;0.0378;VITD
419;0.46;54;0.2484;VITE
419;2.7;54;1.458;VITK
419;0.02;54;0.0108;VITPYRID
419;65;54;35;WATER
419;0.53;54;0.2862;ZN
426;0;202;0;ALC
426;1.418;202;2.86436;ASH
426;28.67;202;57.9134;CA
426;56.7;202;114.534;CAROTENS
426;9.03;202;18.2406;CARTB
426;13.012;202;26.28424;CHOAVL
426;15.036;202;30.37272;CHOCDF
426;2.38;202;4.8076;CHOLE
426;0.58;202;1.1716;CR
426;0.0735;202;0.14847;CU
426;358.65;202;724.473;ENERC
426;287.374;202;580.49548;F16D0T
426;972.569;202;1964.58938;F18D1T
426;423.82;202;856.1164;F18D2CN6
426;172.512;202;348.47424;F18D3N3
426;0;202;0;F20D4N6
426;0;202;0;F20D5N3
426;0;202;0;F22D6N3
426;2.354;202;4.75508;FACIDCTG
426;2.265;202;4.5753;FAFRE
426;1.0236;202;2.067672;FAMCIS
426;0.604;202;1.22008;FAPU
426;0.1725;202;0.34845;FAPUN3
426;0.425;202;0.8585;FAPUN6
426;0.108;202;0.21816;FAS18
426;0.6057;202;1.223514;FASAT
426;2.427;202;4.90254;FAT
426;0.0151;202;0.030502;FATRN
426;0.013;202;0.02626;FD
426;0.538;202;1.08676;FE
426;0.779;202;1.57358;FIBC
426;0.78;202;1.5756;FIBINS
426;1.09;202;2.2018;FIBT
426;13.23;202;26.7246;FOL
426;0.234;202;0.47268;FRUS
426;0;202;0;GALS
426;0.234;202;0.47268;GLUS
426;13.96;202;28.1992;ID
426;294.5;202;594.89;K
426;0.939;202;1.89678;LACS
426;0;202;0;MALS
426;21.023;202;42.46646;MG
426;0.174;202;0.35148;MN
426;0.0049;202;0.009898;MO
426;0;202;0;MYRIC
426;175.31;202;354.1262;NA
426;446.69;202;902.3138;NACL
426;0.487;202;0.98374;NIA
426;0.703;202;1.42006;NIAEQ
426;0.328;202;0.66256;NT
426;0.498;202;1.00596;OA
426;53.3;202;107.666;P
426;2.06;202;4.1612;PROT
426;0.31;202;0.6262;PSACNCS
426;0;202;0;QUERCE
426;9.92;202;20.0384;RETOL
426;0.048;202;0.09696;RIBF
426;1.036;202;2.09272;SE
426;11.61;202;23.4522;STARCH
426;13.4;202;27.068;STERT
426;0;202;0;SUCS
426;1.407;202;2.84214;SUGAR
426;0;202;0;SUGOH
426;0.1278;202;0.258156;THIA
426;23.5;202;47.47;TRP
426;10.434;202;21.07668;VITA
426;0.07;202;0.1414;VITB12
426;5.2;202;10.504;VITC
426;0.291;202;0.58782;VITD
426;0.394;202;0.79588;VITE
426;2.948;202;5.95496;VITK
426;0.1;202;0.202;VITPYRID
426;73.84;202;149.1568;WATER
426;0.323;202;0.65246;ZN
427;0;28;0;ALC
427;1.155;28;0.3234;ASH
427;35.96;28;10.0688;CA
427;919.7;28;257.516;CAROTENS
427;170.13;28;47.6364;CARTB
427;2.948;28;0.82544;CHOAVL
427;3.514;28;0.98392;CHOCDF
427;169.16;28;47.3648;CHOLE
427;3.14;28;0.8792;CR
427;0.0418;28;0.011704;CU
427;2206.29;28;617.7612;ENERC
427;3026.686;28;847.47208;F16D0T
427;30084.823;28;8423.75044;F18D1T
427;13522.594;28;3786.32632;F18D2CN6
427;5101.462;28;1428.40936;F18D3N3
427;53.455;28;14.9674;F20D4N6
427;0;28;0;F20D5N3
427;45.851;28;12.83828;F22D6N3
427;56.363;28;15.78164;FACIDCTG
427;54.524;28;15.26672;FAFRE
427;31.2285;28;8.74398;FAMCIS
427;18.766;28;5.25448;FAPU
427;5.1473;28;1.441244;FAPUN3
427;13.587;28;3.80436;FAPUN6
427;1.1374;28;0.318472;FAS18
427;4.5176;28;1.264928;FASAT
427;57.016;28;15.96448;FAT
427;0;28;0;FATRN
427;0.035;28;0.0098;FD
427;0.955;28;0.2674;FE
427;0.577;28;0.16156;FIBC
427;0.39;28;0.1092;FIBINS
427;0.567;28;0.15876;FIBT
427;28.99;28;8.1172;FOL
427;0.372;28;0.10416;FRUS
427;0;28;0;GALS
427;0.358;28;0.10024;GLUS
427;25.19;28;7.0532;ID
427;48.23;28;13.5044;K
427;0;28;0;LACS
427;0;28;0;MALS
427;6.375;28;1.785;MG
427;0.0811;28;0.022708;MN
427;0.0017;28;0.000476;MO
427;7.55;28;2.114;MYRIC
427;303.51;28;84.9828;NA
427;773.33;28;216.5324;NACL
427;0.079;28;0.02212;NIA
427;0.646;28;0.18088;NIAEQ
427;0.381;28;0.10668;NT
427;0.113;28;0.03164;OA
427;91.4;28;25.592;P
427;2.38;28;0.6664;PROT
427;0.18;28;0.0504;PSACNCS
427;31.9;28;8.932;QUERCE
427;115.12;28;32.2336;RETOL
427;0.121;28;0.03388;RIBF
427;13.122;28;3.67416;SE
427;0.14;28;0.0392;STARCH
427;327.92;28;91.8176;STERT
427;2.232;28;0.62496;SUCS
427;2.81;28;0.7868;SUGAR
427;0;28;0;SUGOH
427;0.0779;28;0.021812;THIA
427;34;28;9;TRP
427;140.391;28;39.30948;VITA
427;0.91;28;0.2548;VITB12
427;6.08;28;1.7024;VITC
427;0.857;28;0.23996;VITD
427;12.56;28;3.5168;VITE
427;79.197;28;22.17516;VITK
427;0.07;28;0.0196;VITPYRID
427;35.8;28;10.024;WATER
427;0.796;28;0.22288;ZN
429;0;7,5;0;ALC
429;0.4;7,5;0.028;ASH
429;9.58;7,5;0.6706;CA
429;104.9;7,5;7.343;CAROTENS
429;32.5;7,5;2.275;CARTB
429;15.5;7,5;1.085;CHOAVL
429;18.767;7,5;1.31369;CHOCDF
429;0;7,5;0;CHOLE
429;1;7,5;0;CR
429;0.07;7,5;0.0049;CU
429;307.7;7,5;21.539;ENERC
429;13.401;7,5;0.93807;F16D0T
429;4.59;7,5;0.3213;F18D1T
429;28.41;7,5;1.9887;F18D2CN6
429;9.47;7,5;0.6629;F18D3N3
429;0;7,5;0;F20D4N6
429;0;7,5;0;F20D5N3
429;0;7,5;0;F22D6N3
429;0.0611;7,5;0.004277;FACIDCTG
429;0.0584;7,5;0.004088;FAFRE
429;0.0046;7,5;0.000322;FAMCIS
429;0.0379;7,5;0.002653;FAPU
429;0.0095;7,5;0.000665;FAPUN3
429;0.0284;7,5;0.001988;FAPUN6
429;0.0011;7,5;7.7e-05;FAS18
429;0.0159;7,5;0.001113;FASAT
429;0.4;7,5;0.028;FAT
429;0;7,5;0;FATRN
429;0.01;7,5;0.0007;FD
429;1;7,5;0;FE
429;1.1;7,5;0.077;FIBC
429;0.9;7,5;0.063;FIBINS
429;1.6;7,5;0.112;FIBT
429;2;7,5;0;FOL
429;7.8;7,5;0.546;FRUS
429;7.6;7,5;0.532;GLUS
429;1;7,5;0;ID
429;201.8;7,5;14.126;K
429;0;7,5;0;LACS
429;0;7,5;0;MALS
429;7.2;7,5;0.504;MG
429;0.08;7,5;0.0056;MN
429;0.005;7,5;0.00035;MO
429;450;7,5;31;MYRIC
429;5;7,5;0;NA
429;12.74;7,5;0.8918;NACL
429;0.188;7,5;0.01316;NIA
429;0.238;7,5;0.01666;NIAEQ
429;0.1;7,5;0.007;NT
429;0.8;7,5;0.056;OA
429;23.9;7,5;1.673;P
429;0.6;7,5;0.042;PROT
429;0.7;7,5;0.049;PSACNCS
429;1350;7,5;94;QUERCE
429;0;7,5;0;RETOL
429;0.04;7,5;0.0028;RIBF
429;0.5;7,5;0.035;SE
429;0;7,5;0;STARCH
429;20;7,5;1;STERT
429;0.1;7,5;0.007;SUCS
429;15.5;7,5;1.085;SUGAR
429;0;7,5;0;SUGOH
429;0.05;7,5;0.0035;THIA
429;3;7,5;0;TRP
429;2.7;7,5;0.189;VITA
429;0;7,5;0;VITB12
429;4.8;7,5;0.336;VITC
429;0;7,5;0;VITD
429;0.63;7,5;0.0441;VITE
429;19;7,5;1;VITK
429;0.04;7,5;0.0028;VITPYRID
429;79.8;7,5;5.586;WATER
429;0.07;7,5;0.0049;ZN
465;0;19;0;ALC
465;2.267;19;0.43073;ASH
465;15.98;19;3.0362;CA
465;0;19;0;CAROTENS
465;0;19;0;CARTB
465;1.413;19;0.26847;CHOAVL
465;1.498;19;0.28462;CHOCDF
465;64.5;19;12.255;CHOLE
465;2.71;19;0.5149;CR
465;0.2964;19;0.056316;CU
465;950.46;19;180.5874;ENERC
465;3673.881;19;698.03739;F16D0T
465;6405.927;19;1217.12613;F18D1T
465;1752.986;19;333.06734;F18D2CN6
465;139.446;19;26.49474;F18D3N3
465;94.217;19;17.90123;F20D4N6
465;21.205;19;4.02895;F20D5N3
465;39.812;19;7.56428;F22D6N3
465;16.556;19;3.14564;FACIDCTG
465;15.828;19;3.00732;FAFRE
465;7.0592;19;1.341248;FAMCIS
465;2.219;19;0.42161;FAPU
465;0.2436;19;0.046284;FAPUN3
465;1.891;19;0.35929;FAPUN6
465;2.4193;19;0.459667;FAS18
465;6.4218;19;1.220142;FASAT
465;16.88;19;3.2072;FAT
465;0.0075;19;0.001425;FATRN
465;0.012;19;0.00228;FD
465;5.514;19;1.04766;FE
465;0.039;19;0.00741;FIBC
465;0.02;19;0.0038;FIBINS
465;0.039;19;0.00741;FIBT
465;224.68;19;42.6892;FOL
465;0;19;0;FRUS
465;0;19;0;GALS
465;0;19;0;GLUS
465;2.25;19;0.4275;ID
465;245.72;19;46.6868;K
465;0.008;19;0.00152;LACS
465;0;19;0;MALS
465;20.126;19;3.82394;MG
465;0.0684;19;0.012996;MN
465;0.0353;19;0.006707;MO
465;0;19;0;MYRIC
465;637.06;19;121.0414;NA
465;1623.23;19;308.4137;NACL
465;4.44;19;0.8436;NIA
465;7.026;19;1.33494;NIAEQ
465;2.069;19;0.39311;NT
465;0;19;0;OA
465;165.6;19;31.464;P
465;12.92;19;2.4548;PROT
465;0.02;19;0.0038;PSACNCS
465;0;19;0;QUERCE
465;2436.67;19;462.9673;RETOL
465;0.54;19;0.1026;RIBF
465;17.097;19;3.24843;SE
465;0.01;19;0.0019;STARCH
465;1.18;19;0.2242;STERT
465;0.999;19;0.18981;SUCS
465;1.007;19;0.19133;SUGAR
465;0;19;0;SUGOH
465;0.4466;19;0.084854;THIA
465;157;19;29;TRP
465;2436.672;19;462.96768;VITA
465;6.74;19;1.2806;VITB12
465;3.68;19;0.6992;VITC
465;0.357;19;0.06783;VITD
465;0.338;19;0.06422;VITE
465;1.376;19;0.26144;VITK
465;0.32;19;0.0608;VITPYRID
465;66.39;19;12.6141;WATER
465;2.324;19;0.44156;ZN
467;0;31;0;ALC
467;0.4;31;0.124;ASH
467;37;31;11;CA
467;484.4;31;150.164;CAROTENS
467;37.8;31;11.718;CARTB
467;8.3;31;2.573;CHOAVL
467;11.294;31;3.50114;CHOCDF
467;0.3;31;0.093;CHOLE
467;1;31;0;CR
467;0.06;31;0.0186;CU
467;189.07;31;58.6117;ENERC
467;23.725;31;7.35475;F16D0T
467;24.848;31;7.70288;F18D1T
467;31.501;31;9.76531;F18D2CN6
467;27.812;31;8.62172;F18D3N3
467;0;31;0;F20D4N6
467;0;31;0;F20D5N3
467;0;31;0;F22D6N3
467;0.12;31;0.0372;FACIDCTG
467;0.115;31;0.03565;FAFRE
467;0.0289;31;0.008959;FAMCIS
467;0.059;31;0.01829;FAPU
467;0.0278;31;0.008618;FAPUN3
467;0.032;31;0.00992;FAPUN6
467;0.001;31;0.00031;FAS18
467;0.0263;31;0.008153;FASAT
467;0.3;31;0.093;FAT
467;0;31;0;FATRN
467;0.01;31;0.0031;FD
467;0.2;31;0.062;FE
467;1.9;31;0.589;FIBC
467;1;31;0;FIBINS
467;1.9;31;0.589;FIBT
467;21;31;6;FOL
467;1.4;31;0.434;FRUS
467;1.7;31;0.527;GLUS
467;1;31;0;ID
467;150;31;46;K
467;0;31;0;LACS
467;0;31;0;MALS
467;13;31;4;MG
467;0.006;31;0.00186;MN
467;0.005;31;0.00155;MO
467;0;31;0;MYRIC
467;1.6;31;0.496;NA
467;4.08;31;1.2648;NACL
467;0.4;31;0.124;NIA
467;0.534;31;0.16554;NIAEQ
467;0.09;31;0.0279;NT
467;1;31;0;OA
467;16;31;4;P
467;0.51;31;0.1581;PROT
467;0.9;31;0.279;PSACNCS
467;200;31;62;QUERCE
467;0;31;0;RETOL
467;0.04;31;0.0124;RIBF
467;0.05;31;0.0155;SE
467;0.1;31;0.031;STARCH
467;16;31;4;STERT
467;5.1;31;1.581;SUCS
467;8.2;31;2.542;SUGAR
467;0;31;0;SUGOH
467;0.08;31;0.0248;THIA
467;8;31;2;TRP
467;20.84;31;6.4604;VITA
467;0;31;0;VITB12
467;41;31;12;VITC
467;0;31;0;VITD
467;0.32;31;0.0992;VITE
467;0.1;31;0.031;VITK
467;0.09;31;0.0279;VITPYRID
467;87.5;31;27.125;WATER
467;0.1;31;0.031;ZN
499;0;78;0;ALC
499;1.387;78;1.08186;ASH
499;30.02;78;23.4156;CA
499;11343.1;78;8847.618;CAROTENS
499;6874.36;78;5362.0008;CARTB
499;5.568;78;4.34304;CHOAVL
499;9.299;78;7.25322;CHOCDF
499;0.06;78;0.0468;CHOLE
499;1.08;78;0.8424;CR
499;0.051;78;0.03978;CU
499;187.08;78;145.9224;ENERC
499;87.858;78;68.52924;F16D0T
499;737.191;78;575.00898;F18D1T
499;440.515;78;343.6017;F18D2CN6
499;137.666;78;107.37948;F18D3N3
499;0;78;0;F20D4N6
499;0;78;0;F20D5N3
499;0;78;0;F22D6N3
499;1.516;78;1.18248;FACIDCTG
499;1.466;78;1.14348;FAFRE
499;0.7642;78;0.596076;FAMCIS
499;0.579;78;0.45162;FAPU
499;0.1377;78;0.107406;FAPUN3
499;0.441;78;0.34398;FAPUN6
499;0.0236;78;0.018408;FAS18
499;0.1225;78;0.09555;FASAT
499;1.551;78;1.20978;FAT
499;0;78;0;FATRN
499;0.014;78;0.01092;FD
499;0.507;78;0.39546;FE
499;2.554;78;1.99212;FIBC
499;1.6;78;1.248;FIBINS
499;2.404;78;1.87512;FIBT
499;11.48;78;8.9544;FOL
499;1.402;78;1.09356;FRUS
499;0;78;0;GALS
499;1.402;78;1.09356;GLUS
499;13.52;78;10.5456;ID
499;391.03;78;305.0034;K
499;0;78;0;LACS
499;0;78;0;MALS
499;14.219;78;11.09082;MG
499;0.3614;78;0.281892;MN
499;0.0051;78;0.003978;MO
499;50.08;78;39.0624;MYRIC
499;218.83;78;170.6874;NA
499;557.57;78;434.9046;NACL
499;0.801;78;0.62478;NIA
499;0.735;78;0.5733;NIAEQ
499;0.101;78;0.07878;NT
499;0.3;78;0.234;OA
499;40.7;78;31.746;P
499;0.63;78;0.4914;PROT
499;0.8;78;0.624;PSACNCS
499;210.32;78;164.0496;QUERCE
499;0;78;0;RETOL
499;0.056;78;0.04368;RIBF
499;0.2;78;0.156;SE
499;0.2;78;0.156;STARCH
499;23.52;78;18.3456;STERT
499;2.564;78;1.99992;SUCS
499;5.368;78;4.18704;SUGAR
499;0;78;0;SUGOH
499;0.0526;78;0.041028;THIA
499;7;78;5;TRP
499;697.756;78;544.24968;VITA
499;0;78;0;VITB12
499;4.23;78;3.2994;VITC
499;0;78;0;VITD
499;0.658;78;0.51324;VITE
499;20.824;78;16.24272;VITK
499;0.03;78;0.0234;VITPYRID
499;71.31;78;55.6218;WATER
499;0.402;78;0.31356;ZN
506;0;440;0;ALC
506;0.03;440;0.132;ASH
506;2;440;8;CA
506;0;440;0;CAROTENS
506;0;440;0;CARTB
506;0;440;0;CHOAVL
506;0;440;0;CHOCDF
506;0;440;0;CHOLE
506;0;440;0;ENERC
506;0;440;0;F16D0T
506;0;440;0;F18D2CN6
506;0;440;0;F18D3N3
506;0;440;0;F20D4N6
506;0;440;0;F20D5N3
506;0;440;0;F22D6N3
506;0;440;0;FACIDCTG
506;0;440;0;FAFRE
506;0;440;0;FAMCIS
506;0;440;0;FAPU
506;0;440;0;FAPUN3
506;0;440;0;FAPUN6
506;0;440;0;FAS18
506;0;440;0;FASAT
506;0;440;0;FAT
506;0;440;0;FATRN
506;0.1;440;0.44;FE
506;0;440;0;FIBC
506;0;440;0;FIBINS
506;0;440;0;FIBT
506;1;440;4;FOL
506;0;440;0;FRUS
506;0;440;0;GLUS
506;0;440;0;K
506;0;440;0;LACS
506;0;440;0;MALS
506;1;440;4;MG
506;0;440;0;NA
506;0;440;0;NACL
506;0;440;0;NIA
506;0;440;0;NIAEQ
506;1;440;4;P
506;0;440;0;PROT
506;0;440;0;PSACNCS
506;0;440;0;RETOL
506;0;440;0;RIBF
506;0.05;440;0.22;SE
506;0;440;0;STARCH
506;0;440;0;STERT
506;0;440;0;SUCS
506;0;440;0;SUGAR
506;0.01;440;0.044;THIA
506;0;440;0;TRP
506;0;440;0;VITA
506;0;440;0;VITB12
506;0;440;0;VITC
506;0;440;0;VITD
506;0;440;0;VITE
506;0;440;0;VITPYRID
506;99.97;440;439.868;WATER
506;0;440;0;ZN
